"County","Office","Candidate","Party","County Total","State Total"
"Adams","United States-President","Presidential Electors for Kamala D. Harris for President and Tim Walz for Vice President ","Democrat","6743","465357"
"Alcorn","United States-President","Presidential Electors for Kamala D. Harris for President and Tim Walz for Vice President ","Democrat","2328","465357"
"Amite","United States-President","Presidential Electors for Kamala D. Harris for President and Tim Walz for Vice President ","Democrat","2246","465357"
"Attala","United States-President","Presidential Electors for Kamala D. Harris for President and Tim Walz for Vice President ","Democrat","2930","465357"
"Benton","United States-President","Presidential Electors for Kamala D. Harris for President and Tim Walz for Vice President ","Democrat","1318","465357"
"Bolivar","United States-President","Presidential Electors for Kamala D. Harris for President and Tim Walz for Vice President ","Democrat","6419","465357"
"Calhoun","United States-President","Presidential Electors for Kamala D. Harris for President and Tim Walz for Vice President ","Democrat","1547","465357"
"Carroll","United States-President","Presidential Electors for Kamala D. Harris for President and Tim Walz for Vice President ","Democrat","1431","465357"
"Chickasaw","United States-President","Presidential Electors for Kamala D. Harris for President and Tim Walz for Vice President ","Democrat","3090","465357"
"Choctaw","United States-President","Presidential Electors for Kamala D. Harris for President and Tim Walz for Vice President ","Democrat","965","465357"
"Claiborne","United States-President","Presidential Electors for Kamala D. Harris for President and Tim Walz for Vice President ","Democrat","2950","465357"
"Clarke","United States-President","Presidential Electors for Kamala D. Harris for President and Tim Walz for Vice President ","Democrat","2430","465357"
"Clay","United States-President","Presidential Electors for Kamala D. Harris for President and Tim Walz for Vice President ","Democrat","4960","465357"
"Coahoma","United States-President","Presidential Electors for Kamala D. Harris for President and Tim Walz for Vice President ","Democrat","4711","465357"
"Copiah","United States-President","Presidential Electors for Kamala D. Harris for President and Tim Walz for Vice President ","Democrat","5426","465357"
"Covington","United States-President","Presidential Electors for Kamala D. Harris for President and Tim Walz for Vice President ","Democrat","2921","465357"
"DeSoto","United States-President","Presidential Electors for Kamala D. Harris for President and Tim Walz for Vice President ","Democrat","29023","465357"
"Forrest","United States-President","Presidential Electors for Kamala D. Harris for President and Tim Walz for Vice President ","Democrat","11475","465357"
"Franklin","United States-President","Presidential Electors for Kamala D. Harris for President and Tim Walz for Vice President ","Democrat","1213","465357"
"George","United States-President","Presidential Electors for Kamala D. Harris for President and Tim Walz for Vice President ","Democrat","1138","465357"
"Greene","United States-President","Presidential Electors for Kamala D. Harris for President and Tim Walz for Vice President ","Democrat","835","465357"
"Grenada","United States-President","Presidential Electors for Kamala D. Harris for President and Tim Walz for Vice President ","Democrat","4060","465357"
"Hancock","United States-President","Presidential Electors for Kamala D. Harris for President and Tim Walz for Vice President ","Democrat","4262","465357"
"Harrison","United States-President","Presidential Electors for Kamala D. Harris for President and Tim Walz for Vice President ","Democrat","26555","465357"
"Hinds","United States-President","Presidential Electors for Kamala D. Harris for President and Tim Walz for Vice President ","Democrat","62840","465357"
"Holmes","United States-President","Presidential Electors for Kamala D. Harris for President and Tim Walz for Vice President ","Democrat","5420","465357"
"Humphreys","United States-President","Presidential Electors for Kamala D. Harris for President and Tim Walz for Vice President ","Democrat","2443","465357"
"Issaquena","United States-President","Presidential Electors for Kamala D. Harris for President and Tim Walz for Vice President ","Democrat","287","465357"
"Itawamba","United States-President","Presidential Electors for Kamala D. Harris for President and Tim Walz for Vice President ","Democrat","1027","465357"
"Jackson","United States-President","Presidential Electors for Kamala D. Harris for President and Tim Walz for Vice President ","Democrat","15469","465357"
"Jasper","United States-President","Presidential Electors for Kamala D. Harris for President and Tim Walz for Vice President ","Democrat","3722","465357"
"Jeff Davis","United States-President","Presidential Electors for Kamala D. Harris for President and Tim Walz for Vice President ","Democrat","3041","465357"
"Jefferson","United States-President","Presidential Electors for Kamala D. Harris for President and Tim Walz for Vice President ","Democrat","2727","465357"
"Jones","United States-President","Presidential Electors for Kamala D. Harris for President and Tim Walz for Vice President ","Democrat","7272","465357"
"Kemper","United States-President","Presidential Electors for Kamala D. Harris for President and Tim Walz for Vice President ","Democrat","2381","465357"
"Lafayette","United States-President","Presidential Electors for Kamala D. Harris for President and Tim Walz for Vice President ","Democrat","8956","465357"
"Lamar","United States-President","Presidential Electors for Kamala D. Harris for President and Tim Walz for Vice President ","Democrat","7038","465357"
"Lauderdale","United States-President","Presidential Electors for Kamala D. Harris for President and Tim Walz for Vice President ","Democrat","10677","465357"
"Lawrence","United States-President","Presidential Electors for Kamala D. Harris for President and Tim Walz for Vice President ","Democrat","1899","465357"
"Leake","United States-President","Presidential Electors for Kamala D. Harris for President and Tim Walz for Vice President ","Democrat","3182","465357"
"Lee","United States-President","Presidential Electors for Kamala D. Harris for President and Tim Walz for Vice President ","Democrat","10616","465357"
"Leflore","United States-President","Presidential Electors for Kamala D. Harris for President and Tim Walz for Vice President ","Democrat","6476","465357"
"Lincoln","United States-President","Presidential Electors for Kamala D. Harris for President and Tim Walz for Vice President ","Democrat","4262","465357"
"Lowndes","United States-President","Presidential Electors for Kamala D. Harris for President and Tim Walz for Vice President ","Democrat","11096","465357"
"Madison","United States-President","Presidential Electors for Kamala D. Harris for President and Tim Walz for Vice President ","Democrat","22700","465357"
"Marion","United States-President","Presidential Electors for Kamala D. Harris for President and Tim Walz for Vice President ","Democrat","3215","465357"
"Marshall","United States-President","Presidential Electors for Kamala D. Harris for President and Tim Walz for Vice President ","Democrat","6888","465357"
"Monroe","United States-President","Presidential Electors for Kamala D. Harris for President and Tim Walz for Vice President ","Democrat","5090","465357"
"Montgomery","United States-President","Presidential Electors for Kamala D. Harris for President and Tim Walz for Vice President ","Democrat","1737","465357"
"Neshoba","United States-President","Presidential Electors for Kamala D. Harris for President and Tim Walz for Vice President ","Democrat","2622","465357"
"Newton","United States-President","Presidential Electors for Kamala D. Harris for President and Tim Walz for Vice President ","Democrat","2603","465357"
"Noxubee","United States-President","Presidential Electors for Kamala D. Harris for President and Tim Walz for Vice President ","Democrat","3269","465357"
"Oktibbeha","United States-President","Presidential Electors for Kamala D. Harris for President and Tim Walz for Vice President ","Democrat","8851","465357"
"Panola","United States-President","Presidential Electors for Kamala D. Harris for President and Tim Walz for Vice President ","Democrat","6061","465357"
"Pearl River","United States-President","Presidential Electors for Kamala D. Harris for President and Tim Walz for Vice President ","Democrat","3982","465357"
"Perry","United States-President","Presidential Electors for Kamala D. Harris for President and Tim Walz for Vice President ","Democrat","1078","465357"
"Pike","United States-President","Presidential Electors for Kamala D. Harris for President and Tim Walz for Vice President ","Democrat","6091","465357"
"Pontotoc","United States-President","Presidential Electors for Kamala D. Harris for President and Tim Walz for Vice President ","Democrat","2214","465357"
"Prentiss","United States-President","Presidential Electors for Kamala D. Harris for President and Tim Walz for Vice President ","Democrat","1727","465357"
"Quitman","United States-President","Presidential Electors for Kamala D. Harris for President and Tim Walz for Vice President ","Democrat","1725","465357"
"Rankin","United States-President","Presidential Electors for Kamala D. Harris for President and Tim Walz for Vice President ","Democrat","18060","465357"
"Scott","United States-President","Presidential Electors for Kamala D. Harris for President and Tim Walz for Vice President ","Democrat","3729","465357"
"Sharkey","United States-President","Presidential Electors for Kamala D. Harris for President and Tim Walz for Vice President ","Democrat","1201","465357"
"Simpson","United States-President","Presidential Electors for Kamala D. Harris for President and Tim Walz for Vice President ","Democrat","3479","465357"
"Smith","United States-President","Presidential Electors for Kamala D. Harris for President and Tim Walz for Vice President ","Democrat","1486","465357"
"Stone","United States-President","Presidential Electors for Kamala D. Harris for President and Tim Walz for Vice President ","Democrat","1620","465357"
"Sunflower","United States-President","Presidential Electors for Kamala D. Harris for President and Tim Walz for Vice President ","Democrat","5312","465357"
"Tallahatchie","United States-President","Presidential Electors for Kamala D. Harris for President and Tim Walz for Vice President ","Democrat","2630","465357"
"Tate","United States-President","Presidential Electors for Kamala D. Harris for President and Tim Walz for Vice President ","Democrat","3555","465357"
"Tippah","United States-President","Presidential Electors for Kamala D. Harris for President and Tim Walz for Vice President ","Democrat","1547","465357"
"Tishomingo","United States-President","Presidential Electors for Kamala D. Harris for President and Tim Walz for Vice President ","Democrat","921","465357"
"Tunica","United States-President","Presidential Electors for Kamala D. Harris for President and Tim Walz for Vice President ","Democrat","1837","465357"
"Union","United States-President","Presidential Electors for Kamala D. Harris for President and Tim Walz for Vice President ","Democrat","1807","465357"
"Walthall","United States-President","Presidential Electors for Kamala D. Harris for President and Tim Walz for Vice President ","Democrat","2355","465357"
"Warren","United States-President","Presidential Electors for Kamala D. Harris for President and Tim Walz for Vice President ","Democrat","8683","465357"
"Washington","United States-President","Presidential Electors for Kamala D. Harris for President and Tim Walz for Vice President ","Democrat","9735","465357"
"Wayne","United States-President","Presidential Electors for Kamala D. Harris for President and Tim Walz for Vice President ","Democrat","3028","465357"
"Webster","United States-President","Presidential Electors for Kamala D. Harris for President and Tim Walz for Vice President ","Democrat","872","465357"
"Wilkinson","United States-President","Presidential Electors for Kamala D. Harris for President and Tim Walz for Vice President ","Democrat","1817","465357"
"Winston","United States-President","Presidential Electors for Kamala D. Harris for President and Tim Walz for Vice President ","Democrat","3392","465357"
"Yalobusha","United States-President","Presidential Electors for Kamala D. Harris for President and Tim Walz for Vice President ","Democrat","2289","465357"
"Yazoo","United States-President","Presidential Electors for Kamala D. Harris for President and Tim Walz for Vice President ","Democrat","4342","465357"
"Adams","United States-President","Presidential Electors for Chase Oliver for President and Mike ter Maat for Vice President","Libertarian","18","2533"
"Alcorn","United States-President","Presidential Electors for Chase Oliver for President and Mike ter Maat for Vice President","Libertarian","26","2533"
"Amite","United States-President","Presidential Electors for Chase Oliver for President and Mike ter Maat for Vice President","Libertarian","17","2533"
"Attala","United States-President","Presidential Electors for Chase Oliver for President and Mike ter Maat for Vice President","Libertarian","4","2533"
"Benton","United States-President","Presidential Electors for Chase Oliver for President and Mike ter Maat for Vice President","Libertarian","5","2533"
"Bolivar","United States-President","Presidential Electors for Chase Oliver for President and Mike ter Maat for Vice President","Libertarian","9","2533"
"Calhoun","United States-President","Presidential Electors for Chase Oliver for President and Mike ter Maat for Vice President","Libertarian","9","2533"
"Carroll","United States-President","Presidential Electors for Chase Oliver for President and Mike ter Maat for Vice President","Libertarian","1","2533"
"Chickasaw","United States-President","Presidential Electors for Chase Oliver for President and Mike ter Maat for Vice President","Libertarian","11","2533"
"Choctaw","United States-President","Presidential Electors for Chase Oliver for President and Mike ter Maat for Vice President","Libertarian","7","2533"
"Claiborne","United States-President","Presidential Electors for Chase Oliver for President and Mike ter Maat for Vice President","Libertarian","2","2533"
"Clarke","United States-President","Presidential Electors for Chase Oliver for President and Mike ter Maat for Vice President","Libertarian","10","2533"
"Clay","United States-President","Presidential Electors for Chase Oliver for President and Mike ter Maat for Vice President","Libertarian","12","2533"
"Coahoma","United States-President","Presidential Electors for Chase Oliver for President and Mike ter Maat for Vice President","Libertarian","7","2533"
"Copiah","United States-President","Presidential Electors for Chase Oliver for President and Mike ter Maat for Vice President","Libertarian","14","2533"
"Covington","United States-President","Presidential Electors for Chase Oliver for President and Mike ter Maat for Vice President","Libertarian","12","2533"
"DeSoto","United States-President","Presidential Electors for Chase Oliver for President and Mike ter Maat for Vice President","Libertarian","234","2533"
"Forrest","United States-President","Presidential Electors for Chase Oliver for President and Mike ter Maat for Vice President","Libertarian","77","2533"
"Franklin","United States-President","Presidential Electors for Chase Oliver for President and Mike ter Maat for Vice President","Libertarian","2","2533"
"George","United States-President","Presidential Electors for Chase Oliver for President and Mike ter Maat for Vice President","Libertarian","12","2533"
"Greene","United States-President","Presidential Electors for Chase Oliver for President and Mike ter Maat for Vice President","Libertarian","12","2533"
"Grenada","United States-President","Presidential Electors for Chase Oliver for President and Mike ter Maat for Vice President","Libertarian","8","2533"
"Hancock","United States-President","Presidential Electors for Chase Oliver for President and Mike ter Maat for Vice President","Libertarian","54","2533"
"Harrison","United States-President","Presidential Electors for Chase Oliver for President and Mike ter Maat for Vice President","Libertarian","212","2533"
"Hinds","United States-President","Presidential Electors for Chase Oliver for President and Mike ter Maat for Vice President","Libertarian","165","2533"
"Holmes","United States-President","Presidential Electors for Chase Oliver for President and Mike ter Maat for Vice President","Libertarian","8","2533"
"Humphreys","United States-President","Presidential Electors for Chase Oliver for President and Mike ter Maat for Vice President","Libertarian","5","2533"
"Issaquena","United States-President","Presidential Electors for Chase Oliver for President and Mike ter Maat for Vice President","Libertarian","5","2533"
"Itawamba","United States-President","Presidential Electors for Chase Oliver for President and Mike ter Maat for Vice President","Libertarian","16","2533"
"Jackson","United States-President","Presidential Electors for Chase Oliver for President and Mike ter Maat for Vice President","Libertarian","143","2533"
"Jasper","United States-President","Presidential Electors for Chase Oliver for President and Mike ter Maat for Vice President","Libertarian","9","2533"
"Jeff Davis","United States-President","Presidential Electors for Chase Oliver for President and Mike ter Maat for Vice President","Libertarian","3","2533"
"Jefferson","United States-President","Presidential Electors for Chase Oliver for President and Mike ter Maat for Vice President","Libertarian","4","2533"
"Jones","United States-President","Presidential Electors for Chase Oliver for President and Mike ter Maat for Vice President","Libertarian","48","2533"
"Kemper","United States-President","Presidential Electors for Chase Oliver for President and Mike ter Maat for Vice President","Libertarian","5","2533"
"Lafayette","United States-President","Presidential Electors for Chase Oliver for President and Mike ter Maat for Vice President","Libertarian","81","2533"
"Lamar","United States-President","Presidential Electors for Chase Oliver for President and Mike ter Maat for Vice President","Libertarian","74","2533"
"Lauderdale","United States-President","Presidential Electors for Chase Oliver for President and Mike ter Maat for Vice President","Libertarian","42","2533"
"Lawrence","United States-President","Presidential Electors for Chase Oliver for President and Mike ter Maat for Vice President","Libertarian","13","2533"
"Leake","United States-President","Presidential Electors for Chase Oliver for President and Mike ter Maat for Vice President","Libertarian","6","2533"
"Lee","United States-President","Presidential Electors for Chase Oliver for President and Mike ter Maat for Vice President","Libertarian","89","2533"
"Leflore","United States-President","Presidential Electors for Chase Oliver for President and Mike ter Maat for Vice President","Libertarian","18","2533"
"Lincoln","United States-President","Presidential Electors for Chase Oliver for President and Mike ter Maat for Vice President","Libertarian","26","2533"
"Lowndes","United States-President","Presidential Electors for Chase Oliver for President and Mike ter Maat for Vice President","Libertarian","46","2533"
"Madison","United States-President","Presidential Electors for Chase Oliver for President and Mike ter Maat for Vice President","Libertarian","169","2533"
"Marion","United States-President","Presidential Electors for Chase Oliver for President and Mike ter Maat for Vice President","Libertarian","21","2533"
"Marshall","United States-President","Presidential Electors for Chase Oliver for President and Mike ter Maat for Vice President","Libertarian","22","2533"
"Monroe","United States-President","Presidential Electors for Chase Oliver for President and Mike ter Maat for Vice President","Libertarian","16","2533"
"Montgomery","United States-President","Presidential Electors for Chase Oliver for President and Mike ter Maat for Vice President","Libertarian","5","2533"
"Neshoba","United States-President","Presidential Electors for Chase Oliver for President and Mike ter Maat for Vice President","Libertarian","7","2533"
"Newton","United States-President","Presidential Electors for Chase Oliver for President and Mike ter Maat for Vice President","Libertarian","18","2533"
"Noxubee","United States-President","Presidential Electors for Chase Oliver for President and Mike ter Maat for Vice President","Libertarian","5","2533"
"Oktibbeha","United States-President","Presidential Electors for Chase Oliver for President and Mike ter Maat for Vice President","Libertarian","65","2533"
"Panola","United States-President","Presidential Electors for Chase Oliver for President and Mike ter Maat for Vice President","Libertarian","16","2533"
"Pearl River","United States-President","Presidential Electors for Chase Oliver for President and Mike ter Maat for Vice President","Libertarian","64","2533"
"Perry","United States-President","Presidential Electors for Chase Oliver for President and Mike ter Maat for Vice President","Libertarian","8","2533"
"Pike","United States-President","Presidential Electors for Chase Oliver for President and Mike ter Maat for Vice President","Libertarian","17","2533"
"Pontotoc","United States-President","Presidential Electors for Chase Oliver for President and Mike ter Maat for Vice President","Libertarian","21","2533"
"Prentiss","United States-President","Presidential Electors for Chase Oliver for President and Mike ter Maat for Vice President","Libertarian","12","2533"
"Quitman","United States-President","Presidential Electors for Chase Oliver for President and Mike ter Maat for Vice President","Libertarian","9","2533"
"Rankin","United States-President","Presidential Electors for Chase Oliver for President and Mike ter Maat for Vice President","Libertarian","220","2533"
"Scott","United States-President","Presidential Electors for Chase Oliver for President and Mike ter Maat for Vice President","Libertarian","6","2533"
"Sharkey","United States-President","Presidential Electors for Chase Oliver for President and Mike ter Maat for Vice President","Libertarian","1","2533"
"Simpson","United States-President","Presidential Electors for Chase Oliver for President and Mike ter Maat for Vice President","Libertarian","11","2533"
"Smith","United States-President","Presidential Electors for Chase Oliver for President and Mike ter Maat for Vice President","Libertarian","7","2533"
"Stone","United States-President","Presidential Electors for Chase Oliver for President and Mike ter Maat for Vice President","Libertarian","21","2533"
"Sunflower","United States-President","Presidential Electors for Chase Oliver for President and Mike ter Maat for Vice President","Libertarian","10","2533"
"Tallahatchie","United States-President","Presidential Electors for Chase Oliver for President and Mike ter Maat for Vice President","Libertarian","5","2533"
"Tate","United States-President","Presidential Electors for Chase Oliver for President and Mike ter Maat for Vice President","Libertarian","29","2533"
"Tippah","United States-President","Presidential Electors for Chase Oliver for President and Mike ter Maat for Vice President","Libertarian","11","2533"
"Tishomingo","United States-President","Presidential Electors for Chase Oliver for President and Mike ter Maat for Vice President","Libertarian","17","2533"
"Tunica","United States-President","Presidential Electors for Chase Oliver for President and Mike ter Maat for Vice President","Libertarian","3","2533"
"Union","United States-President","Presidential Electors for Chase Oliver for President and Mike ter Maat for Vice President","Libertarian","12","2533"
"Walthall","United States-President","Presidential Electors for Chase Oliver for President and Mike ter Maat for Vice President","Libertarian","13","2533"
"Warren","United States-President","Presidential Electors for Chase Oliver for President and Mike ter Maat for Vice President","Libertarian","35","2533"
"Washington","United States-President","Presidential Electors for Chase Oliver for President and Mike ter Maat for Vice President","Libertarian","22","2533"
"Wayne","United States-President","Presidential Electors for Chase Oliver for President and Mike ter Maat for Vice President","Libertarian","12","2533"
"Webster","United States-President","Presidential Electors for Chase Oliver for President and Mike ter Maat for Vice President","Libertarian","5","2533"
"Wilkinson","United States-President","Presidential Electors for Chase Oliver for President and Mike ter Maat for Vice President","Libertarian","8","2533"
"Winston","United States-President","Presidential Electors for Chase Oliver for President and Mike ter Maat for Vice President","Libertarian","8","2533"
"Yalobusha","United States-President","Presidential Electors for Chase Oliver for President and Mike ter Maat for Vice President","Libertarian","12","2533"
"Yazoo","United States-President","Presidential Electors for Chase Oliver for President and Mike ter Maat for Vice President","Libertarian","9","2533"
"Adams","United States-President","Presidential Electors for Jill Stein for President and Rudolph Ware for Vice President","Green","14","1871"
"Alcorn","United States-President","Presidential Electors for Jill Stein for President and Rudolph Ware for Vice President","Green","12","1871"
"Amite","United States-President","Presidential Electors for Jill Stein for President and Rudolph Ware for Vice President","Green","11","1871"
"Attala","United States-President","Presidential Electors for Jill Stein for President and Rudolph Ware for Vice President","Green","3","1871"
"Benton","United States-President","Presidential Electors for Jill Stein for President and Rudolph Ware for Vice President","Green","4","1871"
"Bolivar","United States-President","Presidential Electors for Jill Stein for President and Rudolph Ware for Vice President","Green","12","1871"
"Calhoun","United States-President","Presidential Electors for Jill Stein for President and Rudolph Ware for Vice President","Green","0","1871"
"Carroll","United States-President","Presidential Electors for Jill Stein for President and Rudolph Ware for Vice President","Green","3","1871"
"Chickasaw","United States-President","Presidential Electors for Jill Stein for President and Rudolph Ware for Vice President","Green","4","1871"
"Choctaw","United States-President","Presidential Electors for Jill Stein for President and Rudolph Ware for Vice President","Green","7","1871"
"Claiborne","United States-President","Presidential Electors for Jill Stein for President and Rudolph Ware for Vice President","Green","4","1871"
"Clarke","United States-President","Presidential Electors for Jill Stein for President and Rudolph Ware for Vice President","Green","5","1871"
"Clay","United States-President","Presidential Electors for Jill Stein for President and Rudolph Ware for Vice President","Green","9","1871"
"Coahoma","United States-President","Presidential Electors for Jill Stein for President and Rudolph Ware for Vice President","Green","5","1871"
"Copiah","United States-President","Presidential Electors for Jill Stein for President and Rudolph Ware for Vice President","Green","8","1871"
"Covington","United States-President","Presidential Electors for Jill Stein for President and Rudolph Ware for Vice President","Green","7","1871"
"DeSoto","United States-President","Presidential Electors for Jill Stein for President and Rudolph Ware for Vice President","Green","267","1871"
"Forrest","United States-President","Presidential Electors for Jill Stein for President and Rudolph Ware for Vice President","Green","69","1871"
"Franklin","United States-President","Presidential Electors for Jill Stein for President and Rudolph Ware for Vice President","Green","2","1871"
"George","United States-President","Presidential Electors for Jill Stein for President and Rudolph Ware for Vice President","Green","12","1871"
"Greene","United States-President","Presidential Electors for Jill Stein for President and Rudolph Ware for Vice President","Green","1","1871"
"Grenada","United States-President","Presidential Electors for Jill Stein for President and Rudolph Ware for Vice President","Green","11","1871"
"Hancock","United States-President","Presidential Electors for Jill Stein for President and Rudolph Ware for Vice President","Green","32","1871"
"Harrison","United States-President","Presidential Electors for Jill Stein for President and Rudolph Ware for Vice President","Green","139","1871"
"Hinds","United States-President","Presidential Electors for Jill Stein for President and Rudolph Ware for Vice President","Green","203","1871"
"Holmes","United States-President","Presidential Electors for Jill Stein for President and Rudolph Ware for Vice President","Green","15","1871"
"Humphreys","United States-President","Presidential Electors for Jill Stein for President and Rudolph Ware for Vice President","Green","6","1871"
"Issaquena","United States-President","Presidential Electors for Jill Stein for President and Rudolph Ware for Vice President","Green","7","1871"
"Itawamba","United States-President","Presidential Electors for Jill Stein for President and Rudolph Ware for Vice President","Green","7","1871"
"Jackson","United States-President","Presidential Electors for Jill Stein for President and Rudolph Ware for Vice President","Green","102","1871"
"Jasper","United States-President","Presidential Electors for Jill Stein for President and Rudolph Ware for Vice President","Green","5","1871"
"Jeff Davis","United States-President","Presidential Electors for Jill Stein for President and Rudolph Ware for Vice President","Green","4","1871"
"Jefferson","United States-President","Presidential Electors for Jill Stein for President and Rudolph Ware for Vice President","Green","3","1871"
"Jones","United States-President","Presidential Electors for Jill Stein for President and Rudolph Ware for Vice President","Green","22","1871"
"Kemper","United States-President","Presidential Electors for Jill Stein for President and Rudolph Ware for Vice President","Green","1","1871"
"Lafayette","United States-President","Presidential Electors for Jill Stein for President and Rudolph Ware for Vice President","Green","94","1871"
"Lamar","United States-President","Presidential Electors for Jill Stein for President and Rudolph Ware for Vice President","Green","42","1871"
"Lauderdale","United States-President","Presidential Electors for Jill Stein for President and Rudolph Ware for Vice President","Green","26","1871"
"Lawrence","United States-President","Presidential Electors for Jill Stein for President and Rudolph Ware for Vice President","Green","3","1871"
"Leake","United States-President","Presidential Electors for Jill Stein for President and Rudolph Ware for Vice President","Green","7","1871"
"Lee","United States-President","Presidential Electors for Jill Stein for President and Rudolph Ware for Vice President","Green","53","1871"
"Leflore","United States-President","Presidential Electors for Jill Stein for President and Rudolph Ware for Vice President","Green","12","1871"
"Lincoln","United States-President","Presidential Electors for Jill Stein for President and Rudolph Ware for Vice President","Green","12","1871"
"Lowndes","United States-President","Presidential Electors for Jill Stein for President and Rudolph Ware for Vice President","Green","27","1871"
"Madison","United States-President","Presidential Electors for Jill Stein for President and Rudolph Ware for Vice President","Green","109","1871"
"Marion","United States-President","Presidential Electors for Jill Stein for President and Rudolph Ware for Vice President","Green","5","1871"
"Marshall","United States-President","Presidential Electors for Jill Stein for President and Rudolph Ware for Vice President","Green","14","1871"
"Monroe","United States-President","Presidential Electors for Jill Stein for President and Rudolph Ware for Vice President","Green","15","1871"
"Montgomery","United States-President","Presidential Electors for Jill Stein for President and Rudolph Ware for Vice President","Green","1","1871"
"Neshoba","United States-President","Presidential Electors for Jill Stein for President and Rudolph Ware for Vice President","Green","9","1871"
"Newton","United States-President","Presidential Electors for Jill Stein for President and Rudolph Ware for Vice President","Green","10","1871"
"Noxubee","United States-President","Presidential Electors for Jill Stein for President and Rudolph Ware for Vice President","Green","2","1871"
"Oktibbeha","United States-President","Presidential Electors for Jill Stein for President and Rudolph Ware for Vice President","Green","48","1871"
"Panola","United States-President","Presidential Electors for Jill Stein for President and Rudolph Ware for Vice President","Green","18","1871"
"Pearl River","United States-President","Presidential Electors for Jill Stein for President and Rudolph Ware for Vice President","Green","34","1871"
"Perry","United States-President","Presidential Electors for Jill Stein for President and Rudolph Ware for Vice President","Green","8","1871"
"Pike","United States-President","Presidential Electors for Jill Stein for President and Rudolph Ware for Vice President","Green","15","1871"
"Pontotoc","United States-President","Presidential Electors for Jill Stein for President and Rudolph Ware for Vice President","Green","13","1871"
"Prentiss","United States-President","Presidential Electors for Jill Stein for President and Rudolph Ware for Vice President","Green","10","1871"
"Quitman","United States-President","Presidential Electors for Jill Stein for President and Rudolph Ware for Vice President","Green","2","1871"
"Rankin","United States-President","Presidential Electors for Jill Stein for President and Rudolph Ware for Vice President","Green","104","1871"
"Scott","United States-President","Presidential Electors for Jill Stein for President and Rudolph Ware for Vice President","Green","6","1871"
"Sharkey","United States-President","Presidential Electors for Jill Stein for President and Rudolph Ware for Vice President","Green","4","1871"
"Simpson","United States-President","Presidential Electors for Jill Stein for President and Rudolph Ware for Vice President","Green","5","1871"
"Smith","United States-President","Presidential Electors for Jill Stein for President and Rudolph Ware for Vice President","Green","3","1871"
"Stone","United States-President","Presidential Electors for Jill Stein for President and Rudolph Ware for Vice President","Green","4","1871"
"Sunflower","United States-President","Presidential Electors for Jill Stein for President and Rudolph Ware for Vice President","Green","4","1871"
"Tallahatchie","United States-President","Presidential Electors for Jill Stein for President and Rudolph Ware for Vice President","Green","3","1871"
"Tate","United States-President","Presidential Electors for Jill Stein for President and Rudolph Ware for Vice President","Green","12","1871"
"Tippah","United States-President","Presidential Electors for Jill Stein for President and Rudolph Ware for Vice President","Green","5","1871"
"Tishomingo","United States-President","Presidential Electors for Jill Stein for President and Rudolph Ware for Vice President","Green","10","1871"
"Tunica","United States-President","Presidential Electors for Jill Stein for President and Rudolph Ware for Vice President","Green","1","1871"
"Union","United States-President","Presidential Electors for Jill Stein for President and Rudolph Ware for Vice President","Green","17","1871"
"Walthall","United States-President","Presidential Electors for Jill Stein for President and Rudolph Ware for Vice President","Green","7","1871"
"Warren","United States-President","Presidential Electors for Jill Stein for President and Rudolph Ware for Vice President","Green","33","1871"
"Washington","United States-President","Presidential Electors for Jill Stein for President and Rudolph Ware for Vice President","Green","15","1871"
"Wayne","United States-President","Presidential Electors for Jill Stein for President and Rudolph Ware for Vice President","Green","6","1871"
"Webster","United States-President","Presidential Electors for Jill Stein for President and Rudolph Ware for Vice President","Green","5","1871"
"Wilkinson","United States-President","Presidential Electors for Jill Stein for President and Rudolph Ware for Vice President","Green","1","1871"
"Winston","United States-President","Presidential Electors for Jill Stein for President and Rudolph Ware for Vice President","Green","12","1871"
"Yalobusha","United States-President","Presidential Electors for Jill Stein for President and Rudolph Ware for Vice President","Green","3","1871"
"Yazoo","United States-President","Presidential Electors for Jill Stein for President and Rudolph Ware for Vice President","Green","6","1871"
"Adams","United States-President","Presidential Electors for Randall Terry for President and Stephen E. Broden for Vice President","Constitution","13","1028"
"Alcorn","United States-President","Presidential Electors for Randall Terry for President and Stephen E. Broden for Vice President","Constitution","11","1028"
"Amite","United States-President","Presidential Electors for Randall Terry for President and Stephen E. Broden for Vice President","Constitution","11","1028"
"Attala","United States-President","Presidential Electors for Randall Terry for President and Stephen E. Broden for Vice President","Constitution","10","1028"
"Benton","United States-President","Presidential Electors for Randall Terry for President and Stephen E. Broden for Vice President","Constitution","1","1028"
"Bolivar","United States-President","Presidential Electors for Randall Terry for President and Stephen E. Broden for Vice President","Constitution","4","1028"
"Calhoun","United States-President","Presidential Electors for Randall Terry for President and Stephen E. Broden for Vice President","Constitution","7","1028"
"Carroll","United States-President","Presidential Electors for Randall Terry for President and Stephen E. Broden for Vice President","Constitution","3","1028"
"Chickasaw","United States-President","Presidential Electors for Randall Terry for President and Stephen E. Broden for Vice President","Constitution","9","1028"
"Choctaw","United States-President","Presidential Electors for Randall Terry for President and Stephen E. Broden for Vice President","Constitution","4","1028"
"Claiborne","United States-President","Presidential Electors for Randall Terry for President and Stephen E. Broden for Vice President","Constitution","2","1028"
"Clarke","United States-President","Presidential Electors for Randall Terry for President and Stephen E. Broden for Vice President","Constitution","4","1028"
"Clay","United States-President","Presidential Electors for Randall Terry for President and Stephen E. Broden for Vice President","Constitution","5","1028"
"Coahoma","United States-President","Presidential Electors for Randall Terry for President and Stephen E. Broden for Vice President","Constitution","6","1028"
"Copiah","United States-President","Presidential Electors for Randall Terry for President and Stephen E. Broden for Vice President","Constitution","9","1028"
"Covington","United States-President","Presidential Electors for Randall Terry for President and Stephen E. Broden for Vice President","Constitution","6","1028"
"DeSoto","United States-President","Presidential Electors for Randall Terry for President and Stephen E. Broden for Vice President","Constitution","127","1028"
"Forrest","United States-President","Presidential Electors for Randall Terry for President and Stephen E. Broden for Vice President","Constitution","23","1028"
"Franklin","United States-President","Presidential Electors for Randall Terry for President and Stephen E. Broden for Vice President","Constitution","1","1028"
"George","United States-President","Presidential Electors for Randall Terry for President and Stephen E. Broden for Vice President","Constitution","6","1028"
"Greene","United States-President","Presidential Electors for Randall Terry for President and Stephen E. Broden for Vice President","Constitution","5","1028"
"Grenada","United States-President","Presidential Electors for Randall Terry for President and Stephen E. Broden for Vice President","Constitution","2","1028"
"Hancock","United States-President","Presidential Electors for Randall Terry for President and Stephen E. Broden for Vice President","Constitution","15","1028"
"Harrison","United States-President","Presidential Electors for Randall Terry for President and Stephen E. Broden for Vice President","Constitution","53","1028"
"Hinds","United States-President","Presidential Electors for Randall Terry for President and Stephen E. Broden for Vice President","Constitution","86","1028"
"Holmes","United States-President","Presidential Electors for Randall Terry for President and Stephen E. Broden for Vice President","Constitution","3","1028"
"Humphreys","United States-President","Presidential Electors for Randall Terry for President and Stephen E. Broden for Vice President","Constitution","3","1028"
"Issaquena","United States-President","Presidential Electors for Randall Terry for President and Stephen E. Broden for Vice President","Constitution","5","1028"
"Itawamba","United States-President","Presidential Electors for Randall Terry for President and Stephen E. Broden for Vice President","Constitution","7","1028"
"Jackson","United States-President","Presidential Electors for Randall Terry for President and Stephen E. Broden for Vice President","Constitution","31","1028"
"Jasper","United States-President","Presidential Electors for Randall Terry for President and Stephen E. Broden for Vice President","Constitution","5","1028"
"Jeff Davis","United States-President","Presidential Electors for Randall Terry for President and Stephen E. Broden for Vice President","Constitution","4","1028"
"Jefferson","United States-President","Presidential Electors for Randall Terry for President and Stephen E. Broden for Vice President","Constitution","3","1028"
"Jones","United States-President","Presidential Electors for Randall Terry for President and Stephen E. Broden for Vice President","Constitution","19","1028"
"Kemper","United States-President","Presidential Electors for Randall Terry for President and Stephen E. Broden for Vice President","Constitution","1","1028"
"Lafayette","United States-President","Presidential Electors for Randall Terry for President and Stephen E. Broden for Vice President","Constitution","20","1028"
"Lamar","United States-President","Presidential Electors for Randall Terry for President and Stephen E. Broden for Vice President","Constitution","33","1028"
"Lauderdale","United States-President","Presidential Electors for Randall Terry for President and Stephen E. Broden for Vice President","Constitution","18","1028"
"Lawrence","United States-President","Presidential Electors for Randall Terry for President and Stephen E. Broden for Vice President","Constitution","2","1028"
"Leake","United States-President","Presidential Electors for Randall Terry for President and Stephen E. Broden for Vice President","Constitution","4","1028"
"Lee","United States-President","Presidential Electors for Randall Terry for President and Stephen E. Broden for Vice President","Constitution","23","1028"
"Leflore","United States-President","Presidential Electors for Randall Terry for President and Stephen E. Broden for Vice President","Constitution","9","1028"
"Lincoln","United States-President","Presidential Electors for Randall Terry for President and Stephen E. Broden for Vice President","Constitution","11","1028"
"Lowndes","United States-President","Presidential Electors for Randall Terry for President and Stephen E. Broden for Vice President","Constitution","13","1028"
"Madison","United States-President","Presidential Electors for Randall Terry for President and Stephen E. Broden for Vice President","Constitution","33","1028"
"Marion","United States-President","Presidential Electors for Randall Terry for President and Stephen E. Broden for Vice President","Constitution","8","1028"
"Marshall","United States-President","Presidential Electors for Randall Terry for President and Stephen E. Broden for Vice President","Constitution","9","1028"
"Monroe","United States-President","Presidential Electors for Randall Terry for President and Stephen E. Broden for Vice President","Constitution","11","1028"
"Montgomery","United States-President","Presidential Electors for Randall Terry for President and Stephen E. Broden for Vice President","Constitution","5","1028"
"Neshoba","United States-President","Presidential Electors for Randall Terry for President and Stephen E. Broden for Vice President","Constitution","8","1028"
"Newton","United States-President","Presidential Electors for Randall Terry for President and Stephen E. Broden for Vice President","Constitution","10","1028"
"Noxubee","United States-President","Presidential Electors for Randall Terry for President and Stephen E. Broden for Vice President","Constitution","5","1028"
"Oktibbeha","United States-President","Presidential Electors for Randall Terry for President and Stephen E. Broden for Vice President","Constitution","17","1028"
"Panola","United States-President","Presidential Electors for Randall Terry for President and Stephen E. Broden for Vice President","Constitution","14","1028"
"Pearl River","United States-President","Presidential Electors for Randall Terry for President and Stephen E. Broden for Vice President","Constitution","18","1028"
"Perry","United States-President","Presidential Electors for Randall Terry for President and Stephen E. Broden for Vice President","Constitution","4","1028"
"Pike","United States-President","Presidential Electors for Randall Terry for President and Stephen E. Broden for Vice President","Constitution","11","1028"
"Pontotoc","United States-President","Presidential Electors for Randall Terry for President and Stephen E. Broden for Vice President","Constitution","11","1028"
"Prentiss","United States-President","Presidential Electors for Randall Terry for President and Stephen E. Broden for Vice President","Constitution","10","1028"
"Quitman","United States-President","Presidential Electors for Randall Terry for President and Stephen E. Broden for Vice President","Constitution","5","1028"
"Rankin","United States-President","Presidential Electors for Randall Terry for President and Stephen E. Broden for Vice President","Constitution","51","1028"
"Scott","United States-President","Presidential Electors for Randall Terry for President and Stephen E. Broden for Vice President","Constitution","3","1028"
"Sharkey","United States-President","Presidential Electors for Randall Terry for President and Stephen E. Broden for Vice President","Constitution","0","1028"
"Simpson","United States-President","Presidential Electors for Randall Terry for President and Stephen E. Broden for Vice President","Constitution","13","1028"
"Smith","United States-President","Presidential Electors for Randall Terry for President and Stephen E. Broden for Vice President","Constitution","8","1028"
"Stone","United States-President","Presidential Electors for Randall Terry for President and Stephen E. Broden for Vice President","Constitution","16","1028"
"Sunflower","United States-President","Presidential Electors for Randall Terry for President and Stephen E. Broden for Vice President","Constitution","4","1028"
"Tallahatchie","United States-President","Presidential Electors for Randall Terry for President and Stephen E. Broden for Vice President","Constitution","8","1028"
"Tate","United States-President","Presidential Electors for Randall Terry for President and Stephen E. Broden for Vice President","Constitution","4","1028"
"Tippah","United States-President","Presidential Electors for Randall Terry for President and Stephen E. Broden for Vice President","Constitution","9","1028"
"Tishomingo","United States-President","Presidential Electors for Randall Terry for President and Stephen E. Broden for Vice President","Constitution","2","1028"
"Tunica","United States-President","Presidential Electors for Randall Terry for President and Stephen E. Broden for Vice President","Constitution","2","1028"
"Union","United States-President","Presidential Electors for Randall Terry for President and Stephen E. Broden for Vice President","Constitution","12","1028"
"Walthall","United States-President","Presidential Electors for Randall Terry for President and Stephen E. Broden for Vice President","Constitution","5","1028"
"Warren","United States-President","Presidential Electors for Randall Terry for President and Stephen E. Broden for Vice President","Constitution","19","1028"
"Washington","United States-President","Presidential Electors for Randall Terry for President and Stephen E. Broden for Vice President","Constitution","16","1028"
"Wayne","United States-President","Presidential Electors for Randall Terry for President and Stephen E. Broden for Vice President","Constitution","8","1028"
"Webster","United States-President","Presidential Electors for Randall Terry for President and Stephen E. Broden for Vice President","Constitution","4","1028"
"Wilkinson","United States-President","Presidential Electors for Randall Terry for President and Stephen E. Broden for Vice President","Constitution","3","1028"
"Winston","United States-President","Presidential Electors for Randall Terry for President and Stephen E. Broden for Vice President","Constitution","8","1028"
"Yalobusha","United States-President","Presidential Electors for Randall Terry for President and Stephen E. Broden for Vice President","Constitution","6","1028"
"Yazoo","United States-President","Presidential Electors for Randall Terry for President and Stephen E. Broden for Vice President","Constitution","11","1028"
"Adams","United States-President","Presidential Electors for Donald J. Trump for President and JD Vance for Vice President","Republican","5081","746305"
"Alcorn","United States-President","Presidential Electors for Donald J. Trump for President and JD Vance for Vice President","Republican","12657","746305"
"Amite","United States-President","Presidential Electors for Donald J. Trump for President and JD Vance for Vice President","Republican","4484","746305"
"Attala","United States-President","Presidential Electors for Donald J. Trump for President and JD Vance for Vice President","Republican","4723","746305"
"Benton","United States-President","Presidential Electors for Donald J. Trump for President and JD Vance for Vice President","Republican","2535","746305"
"Bolivar","United States-President","Presidential Electors for Donald J. Trump for President and JD Vance for Vice President","Republican","3943","746305"
"Calhoun","United States-President","Presidential Electors for Donald J. Trump for President and JD Vance for Vice President","Republican","4443","746305"
"Carroll","United States-President","Presidential Electors for Donald J. Trump for President and JD Vance for Vice President","Republican","3730","746305"
"Chickasaw","United States-President","Presidential Electors for Donald J. Trump for President and JD Vance for Vice President","Republican","4079","746305"
"Choctaw","United States-President","Presidential Electors for Donald J. Trump for President and JD Vance for Vice President","Republican","2881","746305"
"Claiborne","United States-President","Presidential Electors for Donald J. Trump for President and JD Vance for Vice President","Republican","558","746305"
"Clarke","United States-President","Presidential Electors for Donald J. Trump for President and JD Vance for Vice President","Republican","5093","746305"
"Clay","United States-President","Presidential Electors for Donald J. Trump for President and JD Vance for Vice President","Republican","4017","746305"
"Coahoma","United States-President","Presidential Electors for Donald J. Trump for President and JD Vance for Vice President","Republican","2008","746305"
"Copiah","United States-President","Presidential Electors for Donald J. Trump for President and JD Vance for Vice President","Republican","6134","746305"
"Covington","United States-President","Presidential Electors for Donald J. Trump for President and JD Vance for Vice President","Republican","5869","746305"
"DeSoto","United States-President","Presidential Electors for Donald J. Trump for President and JD Vance for Vice President","Republican","48064","746305"
"Forrest","United States-President","Presidential Electors for Donald J. Trump for President and JD Vance for Vice President","Republican","16579","746305"
"Franklin","United States-President","Presidential Electors for Donald J. Trump for President and JD Vance for Vice President","Republican","2831","746305"
"George","United States-President","Presidential Electors for Donald J. Trump for President and JD Vance for Vice President","Republican","9858","746305"
"Greene","United States-President","Presidential Electors for Donald J. Trump for President and JD Vance for Vice President","Republican","4776","746305"
"Grenada","United States-President","Presidential Electors for Donald J. Trump for President and JD Vance for Vice President","Republican","5651","746305"
"Hancock","United States-President","Presidential Electors for Donald J. Trump for President and JD Vance for Vice President","Republican","16684","746305"
"Harrison","United States-President","Presidential Electors for Donald J. Trump for President and JD Vance for Vice President","Republican","48497","746305"
"Hinds","United States-President","Presidential Electors for Donald J. Trump for President and JD Vance for Vice President","Republican","22816","746305"
"Holmes","United States-President","Presidential Electors for Donald J. Trump for President and JD Vance for Vice President","Republican","1243","746305"
"Humphreys","United States-President","Presidential Electors for Donald J. Trump for President and JD Vance for Vice President","Republican","990","746305"
"Issaquena","United States-President","Presidential Electors for Donald J. Trump for President and JD Vance for Vice President","Republican","296","746305"
"Itawamba","United States-President","Presidential Electors for Donald J. Trump for President and JD Vance for Vice President","Republican","9523","746305"
"Jackson","United States-President","Presidential Electors for Donald J. Trump for President and JD Vance for Vice President","Republican","36376","746305"
"Jasper","United States-President","Presidential Electors for Donald J. Trump for President and JD Vance for Vice President","Republican","4118","746305"
"Jeff Davis","United States-President","Presidential Electors for Donald J. Trump for President and JD Vance for Vice President","Republican","2302","746305"
"Jefferson","United States-President","Presidential Electors for Donald J. Trump for President and JD Vance for Vice President","Republican","541","746305"
"Jones","United States-President","Presidential Electors for Donald J. Trump for President and JD Vance for Vice President","Republican","20265","746305"
"Kemper","United States-President","Presidential Electors for Donald J. Trump for President and JD Vance for Vice President","Republican","1691","746305"
"Lafayette","United States-President","Presidential Electors for Donald J. Trump for President and JD Vance for Vice President","Republican","14050","746305"
"Lamar","United States-President","Presidential Electors for Donald J. Trump for President and JD Vance for Vice President","Republican","20775","746305"
"Lauderdale","United States-President","Presidential Electors for Donald J. Trump for President and JD Vance for Vice President","Republican","16487","746305"
"Lawrence","United States-President","Presidential Electors for Donald J. Trump for President and JD Vance for Vice President","Republican","4113","746305"
"Leake","United States-President","Presidential Electors for Donald J. Trump for President and JD Vance for Vice President","Republican","5143","746305"
"Lee","United States-President","Presidential Electors for Donald J. Trump for President and JD Vance for Vice President","Republican","24339","746305"
"Leflore","United States-President","Presidential Electors for Donald J. Trump for President and JD Vance for Vice President","Republican","2854","746305"
"Lincoln","United States-President","Presidential Electors for Donald J. Trump for President and JD Vance for Vice President","Republican","11432","746305"
"Lowndes","United States-President","Presidential Electors for Donald J. Trump for President and JD Vance for Vice President","Republican","13087","746305"
"Madison","United States-President","Presidential Electors for Donald J. Trump for President and JD Vance for Vice President","Republican","32333","746305"
"Marion","United States-President","Presidential Electors for Donald J. Trump for President and JD Vance for Vice President","Republican","7874","746305"
"Marshall","United States-President","Presidential Electors for Donald J. Trump for President and JD Vance for Vice President","Republican","7977","746305"
"Monroe","United States-President","Presidential Electors for Donald J. Trump for President and JD Vance for Vice President","Republican","10861","746305"
"Montgomery","United States-President","Presidential Electors for Donald J. Trump for President and JD Vance for Vice President","Republican","2658","746305"
"Neshoba","United States-President","Presidential Electors for Donald J. Trump for President and JD Vance for Vice President","Republican","8154","746305"
"Newton","United States-President","Presidential Electors for Donald J. Trump for President and JD Vance for Vice President","Republican","6641","746305"
"Noxubee","United States-President","Presidential Electors for Donald J. Trump for President and JD Vance for Vice President","Republican","1151","746305"
"Oktibbeha","United States-President","Presidential Electors for Donald J. Trump for President and JD Vance for Vice President","Republican","8901","746305"
"Panola","United States-President","Presidential Electors for Donald J. Trump for President and JD Vance for Vice President","Republican","8202","746305"
"Pearl River","United States-President","Presidential Electors for Donald J. Trump for President and JD Vance for Vice President","Republican","20438","746305"
"Perry","United States-President","Presidential Electors for Donald J. Trump for President and JD Vance for Vice President","Republican","4425","746305"
"Pike","United States-President","Presidential Electors for Donald J. Trump for President and JD Vance for Vice President","Republican","6504","746305"
"Pontotoc","United States-President","Presidential Electors for Donald J. Trump for President and JD Vance for Vice President","Republican","11740","746305"
"Prentiss","United States-President","Presidential Electors for Donald J. Trump for President and JD Vance for Vice President","Republican","8581","746305"
"Quitman","United States-President","Presidential Electors for Donald J. Trump for President and JD Vance for Vice President","Republican","902","746305"
"Rankin","United States-President","Presidential Electors for Donald J. Trump for President and JD Vance for Vice President","Republican","50896","746305"
"Scott","United States-President","Presidential Electors for Donald J. Trump for President and JD Vance for Vice President","Republican","6098","746305"
"Sharkey","United States-President","Presidential Electors for Donald J. Trump for President and JD Vance for Vice President","Republican","551","746305"
"Simpson","United States-President","Presidential Electors for Donald J. Trump for President and JD Vance for Vice President","Republican","7552","746305"
"Smith","United States-President","Presidential Electors for Donald J. Trump for President and JD Vance for Vice President","Republican","6146","746305"
"Stone","United States-President","Presidential Electors for Donald J. Trump for President and JD Vance for Vice President","Republican","6214","746305"
"Sunflower","United States-President","Presidential Electors for Donald J. Trump for President and JD Vance for Vice President","Republican","2515","746305"
"Tallahatchie","United States-President","Presidential Electors for Donald J. Trump for President and JD Vance for Vice President","Republican","2333","746305"
"Tate","United States-President","Presidential Electors for Donald J. Trump for President and JD Vance for Vice President","Republican","9185","746305"
"Tippah","United States-President","Presidential Electors for Donald J. Trump for President and JD Vance for Vice President","Republican","7984","746305"
"Tishomingo","United States-President","Presidential Electors for Donald J. Trump for President and JD Vance for Vice President","Republican","8064","746305"
"Tunica","United States-President","Presidential Electors for Donald J. Trump for President and JD Vance for Vice President","Republican","799","746305"
"Union","United States-President","Presidential Electors for Donald J. Trump for President and JD Vance for Vice President","Republican","10559","746305"
"Walthall","United States-President","Presidential Electors for Donald J. Trump for President and JD Vance for Vice President","Republican","4114","746305"
"Warren","United States-President","Presidential Electors for Donald J. Trump for President and JD Vance for Vice President","Republican","9407","746305"
"Washington","United States-President","Presidential Electors for Donald J. Trump for President and JD Vance for Vice President","Republican","4649","746305"
"Wayne","United States-President","Presidential Electors for Donald J. Trump for President and JD Vance for Vice President","Republican","6013","746305"
"Webster","United States-President","Presidential Electors for Donald J. Trump for President and JD Vance for Vice President","Republican","4195","746305"
"Wilkinson","United States-President","Presidential Electors for Donald J. Trump for President and JD Vance for Vice President","Republican","1075","746305"
"Winston","United States-President","Presidential Electors for Donald J. Trump for President and JD Vance for Vice President","Republican","4922","746305"
"Yalobusha","United States-President","Presidential Electors for Donald J. Trump for President and JD Vance for Vice President","Republican","3518","746305"
"Yazoo","United States-President","Presidential Electors for Donald J. Trump for President and JD Vance for Vice President","Republican","4558","746305"
"Adams","United States-President","Presidential Electors for Shiva Ayyadurai for President and Crystal Ellis for Vice President","Independent","4","687"
"Alcorn","United States-President","Presidential Electors for Shiva Ayyadurai for President and Crystal Ellis for Vice President","Independent","3","687"
"Amite","United States-President","Presidential Electors for Shiva Ayyadurai for President and Crystal Ellis for Vice President","Independent","7","687"
"Attala","United States-President","Presidential Electors for Shiva Ayyadurai for President and Crystal Ellis for Vice President","Independent","4","687"
"Benton","United States-President","Presidential Electors for Shiva Ayyadurai for President and Crystal Ellis for Vice President","Independent","3","687"
"Bolivar","United States-President","Presidential Electors for Shiva Ayyadurai for President and Crystal Ellis for Vice President","Independent","3","687"
"Calhoun","United States-President","Presidential Electors for Shiva Ayyadurai for President and Crystal Ellis for Vice President","Independent","3","687"
"Carroll","United States-President","Presidential Electors for Shiva Ayyadurai for President and Crystal Ellis for Vice President","Independent","2","687"
"Chickasaw","United States-President","Presidential Electors for Shiva Ayyadurai for President and Crystal Ellis for Vice President","Independent","5","687"
"Choctaw","United States-President","Presidential Electors for Shiva Ayyadurai for President and Crystal Ellis for Vice President","Independent","4","687"
"Claiborne","United States-President","Presidential Electors for Shiva Ayyadurai for President and Crystal Ellis for Vice President","Independent","3","687"
"Clarke","United States-President","Presidential Electors for Shiva Ayyadurai for President and Crystal Ellis for Vice President","Independent","1","687"
"Clay","United States-President","Presidential Electors for Shiva Ayyadurai for President and Crystal Ellis for Vice President","Independent","8","687"
"Coahoma","United States-President","Presidential Electors for Shiva Ayyadurai for President and Crystal Ellis for Vice President","Independent","5","687"
"Copiah","United States-President","Presidential Electors for Shiva Ayyadurai for President and Crystal Ellis for Vice President","Independent","6","687"
"Covington","United States-President","Presidential Electors for Shiva Ayyadurai for President and Crystal Ellis for Vice President","Independent","5","687"
"DeSoto","United States-President","Presidential Electors for Shiva Ayyadurai for President and Crystal Ellis for Vice President","Independent","126","687"
"Forrest","United States-President","Presidential Electors for Shiva Ayyadurai for President and Crystal Ellis for Vice President","Independent","12","687"
"Franklin","United States-President","Presidential Electors for Shiva Ayyadurai for President and Crystal Ellis for Vice President","Independent","1","687"
"George","United States-President","Presidential Electors for Shiva Ayyadurai for President and Crystal Ellis for Vice President","Independent","1","687"
"Greene","United States-President","Presidential Electors for Shiva Ayyadurai for President and Crystal Ellis for Vice President","Independent","4","687"
"Grenada","United States-President","Presidential Electors for Shiva Ayyadurai for President and Crystal Ellis for Vice President","Independent","2","687"
"Hancock","United States-President","Presidential Electors for Shiva Ayyadurai for President and Crystal Ellis for Vice President","Independent","11","687"
"Harrison","United States-President","Presidential Electors for Shiva Ayyadurai for President and Crystal Ellis for Vice President","Independent","32","687"
"Hinds","United States-President","Presidential Electors for Shiva Ayyadurai for President and Crystal Ellis for Vice President","Independent","63","687"
"Holmes","United States-President","Presidential Electors for Shiva Ayyadurai for President and Crystal Ellis for Vice President","Independent","10","687"
"Humphreys","United States-President","Presidential Electors for Shiva Ayyadurai for President and Crystal Ellis for Vice President","Independent","6","687"
"Issaquena","United States-President","Presidential Electors for Shiva Ayyadurai for President and Crystal Ellis for Vice President","Independent","5","687"
"Itawamba","United States-President","Presidential Electors for Shiva Ayyadurai for President and Crystal Ellis for Vice President","Independent","2","687"
"Jackson","United States-President","Presidential Electors for Shiva Ayyadurai for President and Crystal Ellis for Vice President","Independent","12","687"
"Jasper","United States-President","Presidential Electors for Shiva Ayyadurai for President and Crystal Ellis for Vice President","Independent","6","687"
"Jeff Davis","United States-President","Presidential Electors for Shiva Ayyadurai for President and Crystal Ellis for Vice President","Independent","4","687"
"Jefferson","United States-President","Presidential Electors for Shiva Ayyadurai for President and Crystal Ellis for Vice President","Independent","4","687"
"Jones","United States-President","Presidential Electors for Shiva Ayyadurai for President and Crystal Ellis for Vice President","Independent","4","687"
"Kemper","United States-President","Presidential Electors for Shiva Ayyadurai for President and Crystal Ellis for Vice President","Independent","2","687"
"Lafayette","United States-President","Presidential Electors for Shiva Ayyadurai for President and Crystal Ellis for Vice President","Independent","6","687"
"Lamar","United States-President","Presidential Electors for Shiva Ayyadurai for President and Crystal Ellis for Vice President","Independent","13","687"
"Lauderdale","United States-President","Presidential Electors for Shiva Ayyadurai for President and Crystal Ellis for Vice President","Independent","13","687"
"Lawrence","United States-President","Presidential Electors for Shiva Ayyadurai for President and Crystal Ellis for Vice President","Independent","2","687"
"Leake","United States-President","Presidential Electors for Shiva Ayyadurai for President and Crystal Ellis for Vice President","Independent","5","687"
"Lee","United States-President","Presidential Electors for Shiva Ayyadurai for President and Crystal Ellis for Vice President","Independent","9","687"
"Leflore","United States-President","Presidential Electors for Shiva Ayyadurai for President and Crystal Ellis for Vice President","Independent","2","687"
"Lincoln","United States-President","Presidential Electors for Shiva Ayyadurai for President and Crystal Ellis for Vice President","Independent","3","687"
"Lowndes","United States-President","Presidential Electors for Shiva Ayyadurai for President and Crystal Ellis for Vice President","Independent","20","687"
"Madison","United States-President","Presidential Electors for Shiva Ayyadurai for President and Crystal Ellis for Vice President","Independent","27","687"
"Marion","United States-President","Presidential Electors for Shiva Ayyadurai for President and Crystal Ellis for Vice President","Independent","6","687"
"Marshall","United States-President","Presidential Electors for Shiva Ayyadurai for President and Crystal Ellis for Vice President","Independent","5","687"
"Monroe","United States-President","Presidential Electors for Shiva Ayyadurai for President and Crystal Ellis for Vice President","Independent","8","687"
"Montgomery","United States-President","Presidential Electors for Shiva Ayyadurai for President and Crystal Ellis for Vice President","Independent","3","687"
"Neshoba","United States-President","Presidential Electors for Shiva Ayyadurai for President and Crystal Ellis for Vice President","Independent","3","687"
"Newton","United States-President","Presidential Electors for Shiva Ayyadurai for President and Crystal Ellis for Vice President","Independent","4","687"
"Noxubee","United States-President","Presidential Electors for Shiva Ayyadurai for President and Crystal Ellis for Vice President","Independent","3","687"
"Oktibbeha","United States-President","Presidential Electors for Shiva Ayyadurai for President and Crystal Ellis for Vice President","Independent","14","687"
"Panola","United States-President","Presidential Electors for Shiva Ayyadurai for President and Crystal Ellis for Vice President","Independent","13","687"
"Pearl River","United States-President","Presidential Electors for Shiva Ayyadurai for President and Crystal Ellis for Vice President","Independent","10","687"
"Perry","United States-President","Presidential Electors for Shiva Ayyadurai for President and Crystal Ellis for Vice President","Independent","4","687"
"Pike","United States-President","Presidential Electors for Shiva Ayyadurai for President and Crystal Ellis for Vice President","Independent","9","687"
"Pontotoc","United States-President","Presidential Electors for Shiva Ayyadurai for President and Crystal Ellis for Vice President","Independent","6","687"
"Prentiss","United States-President","Presidential Electors for Shiva Ayyadurai for President and Crystal Ellis for Vice President","Independent","2","687"
"Quitman","United States-President","Presidential Electors for Shiva Ayyadurai for President and Crystal Ellis for Vice President","Independent","8","687"
"Rankin","United States-President","Presidential Electors for Shiva Ayyadurai for President and Crystal Ellis for Vice President","Independent","32","687"
"Scott","United States-President","Presidential Electors for Shiva Ayyadurai for President and Crystal Ellis for Vice President","Independent","2","687"
"Sharkey","United States-President","Presidential Electors for Shiva Ayyadurai for President and Crystal Ellis for Vice President","Independent","4","687"
"Simpson","United States-President","Presidential Electors for Shiva Ayyadurai for President and Crystal Ellis for Vice President","Independent","4","687"
"Smith","United States-President","Presidential Electors for Shiva Ayyadurai for President and Crystal Ellis for Vice President","Independent","2","687"
"Stone","United States-President","Presidential Electors for Shiva Ayyadurai for President and Crystal Ellis for Vice President","Independent","2","687"
"Sunflower","United States-President","Presidential Electors for Shiva Ayyadurai for President and Crystal Ellis for Vice President","Independent","4","687"
"Tallahatchie","United States-President","Presidential Electors for Shiva Ayyadurai for President and Crystal Ellis for Vice President","Independent","6","687"
"Tate","United States-President","Presidential Electors for Shiva Ayyadurai for President and Crystal Ellis for Vice President","Independent","3","687"
"Tippah","United States-President","Presidential Electors for Shiva Ayyadurai for President and Crystal Ellis for Vice President","Independent","4","687"
"Tishomingo","United States-President","Presidential Electors for Shiva Ayyadurai for President and Crystal Ellis for Vice President","Independent","3","687"
"Tunica","United States-President","Presidential Electors for Shiva Ayyadurai for President and Crystal Ellis for Vice President","Independent","1","687"
"Union","United States-President","Presidential Electors for Shiva Ayyadurai for President and Crystal Ellis for Vice President","Independent","4","687"
"Walthall","United States-President","Presidential Electors for Shiva Ayyadurai for President and Crystal Ellis for Vice President","Independent","1","687"
"Warren","United States-President","Presidential Electors for Shiva Ayyadurai for President and Crystal Ellis for Vice President","Independent","11","687"
"Washington","United States-President","Presidential Electors for Shiva Ayyadurai for President and Crystal Ellis for Vice President","Independent","11","687"
"Wayne","United States-President","Presidential Electors for Shiva Ayyadurai for President and Crystal Ellis for Vice President","Independent","4","687"
"Webster","United States-President","Presidential Electors for Shiva Ayyadurai for President and Crystal Ellis for Vice President","Independent","2","687"
"Wilkinson","United States-President","Presidential Electors for Shiva Ayyadurai for President and Crystal Ellis for Vice President","Independent","1","687"
"Winston","United States-President","Presidential Electors for Shiva Ayyadurai for President and Crystal Ellis for Vice President","Independent","6","687"
"Yalobusha","United States-President","Presidential Electors for Shiva Ayyadurai for President and Crystal Ellis for Vice President","Independent","4","687"
"Yazoo","United States-President","Presidential Electors for Shiva Ayyadurai for President and Crystal Ellis for Vice President","Independent","5","687"
"Adams","United States-President","Presidential Electors for Claudia De la Cruz for President and Karina Garcia for Vice President","Independent","6","1073"
"Alcorn","United States-President","Presidential Electors for Claudia De la Cruz for President and Karina Garcia for Vice President","Independent","3","1073"
"Amite","United States-President","Presidential Electors for Claudia De la Cruz for President and Karina Garcia for Vice President","Independent","8","1073"
"Attala","United States-President","Presidential Electors for Claudia De la Cruz for President and Karina Garcia for Vice President","Independent","4","1073"
"Benton","United States-President","Presidential Electors for Claudia De la Cruz for President and Karina Garcia for Vice President","Independent","1","1073"
"Bolivar","United States-President","Presidential Electors for Claudia De la Cruz for President and Karina Garcia for Vice President","Independent","9","1073"
"Calhoun","United States-President","Presidential Electors for Claudia De la Cruz for President and Karina Garcia for Vice President","Independent","5","1073"
"Carroll","United States-President","Presidential Electors for Claudia De la Cruz for President and Karina Garcia for Vice President","Independent","5","1073"
"Chickasaw","United States-President","Presidential Electors for Claudia De la Cruz for President and Karina Garcia for Vice President","Independent","4","1073"
"Choctaw","United States-President","Presidential Electors for Claudia De la Cruz for President and Karina Garcia for Vice President","Independent","0","1073"
"Claiborne","United States-President","Presidential Electors for Claudia De la Cruz for President and Karina Garcia for Vice President","Independent","7","1073"
"Clarke","United States-President","Presidential Electors for Claudia De la Cruz for President and Karina Garcia for Vice President","Independent","2","1073"
"Clay","United States-President","Presidential Electors for Claudia De la Cruz for President and Karina Garcia for Vice President","Independent","4","1073"
"Coahoma","United States-President","Presidential Electors for Claudia De la Cruz for President and Karina Garcia for Vice President","Independent","7","1073"
"Copiah","United States-President","Presidential Electors for Claudia De la Cruz for President and Karina Garcia for Vice President","Independent","7","1073"
"Covington","United States-President","Presidential Electors for Claudia De la Cruz for President and Karina Garcia for Vice President","Independent","5","1073"
"DeSoto","United States-President","Presidential Electors for Claudia De la Cruz for President and Karina Garcia for Vice President","Independent","334","1073"
"Forrest","United States-President","Presidential Electors for Claudia De la Cruz for President and Karina Garcia for Vice President","Independent","35","1073"
"Franklin","United States-President","Presidential Electors for Claudia De la Cruz for President and Karina Garcia for Vice President","Independent","1","1073"
"George","United States-President","Presidential Electors for Claudia De la Cruz for President and Karina Garcia for Vice President","Independent","7","1073"
"Greene","United States-President","Presidential Electors for Claudia De la Cruz for President and Karina Garcia for Vice President","Independent","2","1073"
"Grenada","United States-President","Presidential Electors for Claudia De la Cruz for President and Karina Garcia for Vice President","Independent","4","1073"
"Hancock","United States-President","Presidential Electors for Claudia De la Cruz for President and Karina Garcia for Vice President","Independent","19","1073"
"Harrison","United States-President","Presidential Electors for Claudia De la Cruz for President and Karina Garcia for Vice President","Independent","43","1073"
"Hinds","United States-President","Presidential Electors for Claudia De la Cruz for President and Karina Garcia for Vice President","Independent","99","1073"
"Holmes","United States-President","Presidential Electors for Claudia De la Cruz for President and Karina Garcia for Vice President","Independent","1","1073"
"Humphreys","United States-President","Presidential Electors for Claudia De la Cruz for President and Karina Garcia for Vice President","Independent","5","1073"
"Issaquena","United States-President","Presidential Electors for Claudia De la Cruz for President and Karina Garcia for Vice President","Independent","6","1073"
"Itawamba","United States-President","Presidential Electors for Claudia De la Cruz for President and Karina Garcia for Vice President","Independent","5","1073"
"Jackson","United States-President","Presidential Electors for Claudia De la Cruz for President and Karina Garcia for Vice President","Independent","32","1073"
"Jasper","United States-President","Presidential Electors for Claudia De la Cruz for President and Karina Garcia for Vice President","Independent","3","1073"
"Jeff Davis","United States-President","Presidential Electors for Claudia De la Cruz for President and Karina Garcia for Vice President","Independent","2","1073"
"Jefferson","United States-President","Presidential Electors for Claudia De la Cruz for President and Karina Garcia for Vice President","Independent","1","1073"
"Jones","United States-President","Presidential Electors for Claudia De la Cruz for President and Karina Garcia for Vice President","Independent","13","1073"
"Kemper","United States-President","Presidential Electors for Claudia De la Cruz for President and Karina Garcia for Vice President","Independent","1","1073"
"Lafayette","United States-President","Presidential Electors for Claudia De la Cruz for President and Karina Garcia for Vice President","Independent","25","1073"
"Lamar","United States-President","Presidential Electors for Claudia De la Cruz for President and Karina Garcia for Vice President","Independent","26","1073"
"Lauderdale","United States-President","Presidential Electors for Claudia De la Cruz for President and Karina Garcia for Vice President","Independent","14","1073"
"Lawrence","United States-President","Presidential Electors for Claudia De la Cruz for President and Karina Garcia for Vice President","Independent","0","1073"
"Leake","United States-President","Presidential Electors for Claudia De la Cruz for President and Karina Garcia for Vice President","Independent","5","1073"
"Lee","United States-President","Presidential Electors for Claudia De la Cruz for President and Karina Garcia for Vice President","Independent","16","1073"
"Leflore","United States-President","Presidential Electors for Claudia De la Cruz for President and Karina Garcia for Vice President","Independent","5","1073"
"Lincoln","United States-President","Presidential Electors for Claudia De la Cruz for President and Karina Garcia for Vice President","Independent","6","1073"
"Lowndes","United States-President","Presidential Electors for Claudia De la Cruz for President and Karina Garcia for Vice President","Independent","13","1073"
"Madison","United States-President","Presidential Electors for Claudia De la Cruz for President and Karina Garcia for Vice President","Independent","30","1073"
"Marion","United States-President","Presidential Electors for Claudia De la Cruz for President and Karina Garcia for Vice President","Independent","10","1073"
"Marshall","United States-President","Presidential Electors for Claudia De la Cruz for President and Karina Garcia for Vice President","Independent","10","1073"
"Monroe","United States-President","Presidential Electors for Claudia De la Cruz for President and Karina Garcia for Vice President","Independent","8","1073"
"Montgomery","United States-President","Presidential Electors for Claudia De la Cruz for President and Karina Garcia for Vice President","Independent","3","1073"
"Neshoba","United States-President","Presidential Electors for Claudia De la Cruz for President and Karina Garcia for Vice President","Independent","4","1073"
"Newton","United States-President","Presidential Electors for Claudia De la Cruz for President and Karina Garcia for Vice President","Independent","2","1073"
"Noxubee","United States-President","Presidential Electors for Claudia De la Cruz for President and Karina Garcia for Vice President","Independent","3","1073"
"Oktibbeha","United States-President","Presidential Electors for Claudia De la Cruz for President and Karina Garcia for Vice President","Independent","26","1073"
"Panola","United States-President","Presidential Electors for Claudia De la Cruz for President and Karina Garcia for Vice President","Independent","9","1073"
"Pearl River","United States-President","Presidential Electors for Claudia De la Cruz for President and Karina Garcia for Vice President","Independent","11","1073"
"Perry","United States-President","Presidential Electors for Claudia De la Cruz for President and Karina Garcia for Vice President","Independent","2","1073"
"Pike","United States-President","Presidential Electors for Claudia De la Cruz for President and Karina Garcia for Vice President","Independent","7","1073"
"Pontotoc","United States-President","Presidential Electors for Claudia De la Cruz for President and Karina Garcia for Vice President","Independent","4","1073"
"Prentiss","United States-President","Presidential Electors for Claudia De la Cruz for President and Karina Garcia for Vice President","Independent","5","1073"
"Quitman","United States-President","Presidential Electors for Claudia De la Cruz for President and Karina Garcia for Vice President","Independent","10","1073"
"Rankin","United States-President","Presidential Electors for Claudia De la Cruz for President and Karina Garcia for Vice President","Independent","28","1073"
"Scott","United States-President","Presidential Electors for Claudia De la Cruz for President and Karina Garcia for Vice President","Independent","13","1073"
"Sharkey","United States-President","Presidential Electors for Claudia De la Cruz for President and Karina Garcia for Vice President","Independent","1","1073"
"Simpson","United States-President","Presidential Electors for Claudia De la Cruz for President and Karina Garcia for Vice President","Independent","6","1073"
"Smith","United States-President","Presidential Electors for Claudia De la Cruz for President and Karina Garcia for Vice President","Independent","1","1073"
"Stone","United States-President","Presidential Electors for Claudia De la Cruz for President and Karina Garcia for Vice President","Independent","4","1073"
"Sunflower","United States-President","Presidential Electors for Claudia De la Cruz for President and Karina Garcia for Vice President","Independent","3","1073"
"Tallahatchie","United States-President","Presidential Electors for Claudia De la Cruz for President and Karina Garcia for Vice President","Independent","4","1073"
"Tate","United States-President","Presidential Electors for Claudia De la Cruz for President and Karina Garcia for Vice President","Independent","8","1073"
"Tippah","United States-President","Presidential Electors for Claudia De la Cruz for President and Karina Garcia for Vice President","Independent","4","1073"
"Tishomingo","United States-President","Presidential Electors for Claudia De la Cruz for President and Karina Garcia for Vice President","Independent","3","1073"
"Tunica","United States-President","Presidential Electors for Claudia De la Cruz for President and Karina Garcia for Vice President","Independent","3","1073"
"Union","United States-President","Presidential Electors for Claudia De la Cruz for President and Karina Garcia for Vice President","Independent","6","1073"
"Walthall","United States-President","Presidential Electors for Claudia De la Cruz for President and Karina Garcia for Vice President","Independent","3","1073"
"Warren","United States-President","Presidential Electors for Claudia De la Cruz for President and Karina Garcia for Vice President","Independent","8","1073"
"Washington","United States-President","Presidential Electors for Claudia De la Cruz for President and Karina Garcia for Vice President","Independent","13","1073"
"Wayne","United States-President","Presidential Electors for Claudia De la Cruz for President and Karina Garcia for Vice President","Independent","3","1073"
"Webster","United States-President","Presidential Electors for Claudia De la Cruz for President and Karina Garcia for Vice President","Independent","1","1073"
"Wilkinson","United States-President","Presidential Electors for Claudia De la Cruz for President and Karina Garcia for Vice President","Independent","6","1073"
"Winston","United States-President","Presidential Electors for Claudia De la Cruz for President and Karina Garcia for Vice President","Independent","1","1073"
"Yalobusha","United States-President","Presidential Electors for Claudia De la Cruz for President and Karina Garcia for Vice President","Independent","3","1073"
"Yazoo","United States-President","Presidential Electors for Claudia De la Cruz for President and Karina Garcia for Vice President","Independent","7","1073"
"Adams","United States-President","Presidential Electors for Robert F. Kennedy Jr. for President and Nicole Shanahan for Vice President","Independent","37","5381"
"Alcorn","United States-President","Presidential Electors for Robert F. Kennedy Jr. for President and Nicole Shanahan for Vice President","Independent","58","5381"
"Amite","United States-President","Presidential Electors for Robert F. Kennedy Jr. for President and Nicole Shanahan for Vice President","Independent","23","5381"
"Attala","United States-President","Presidential Electors for Robert F. Kennedy Jr. for President and Nicole Shanahan for Vice President","Independent","25","5381"
"Benton","United States-President","Presidential Electors for Robert F. Kennedy Jr. for President and Nicole Shanahan for Vice President","Independent","13","5381"
"Bolivar","United States-President","Presidential Electors for Robert F. Kennedy Jr. for President and Nicole Shanahan for Vice President","Independent","30","5381"
"Calhoun","United States-President","Presidential Electors for Robert F. Kennedy Jr. for President and Nicole Shanahan for Vice President","Independent","20","5381"
"Carroll","United States-President","Presidential Electors for Robert F. Kennedy Jr. for President and Nicole Shanahan for Vice President","Independent","18","5381"
"Chickasaw","United States-President","Presidential Electors for Robert F. Kennedy Jr. for President and Nicole Shanahan for Vice President","Independent","27","5381"
"Choctaw","United States-President","Presidential Electors for Robert F. Kennedy Jr. for President and Nicole Shanahan for Vice President","Independent","21","5381"
"Claiborne","United States-President","Presidential Electors for Robert F. Kennedy Jr. for President and Nicole Shanahan for Vice President","Independent","14","5381"
"Clarke","United States-President","Presidential Electors for Robert F. Kennedy Jr. for President and Nicole Shanahan for Vice President","Independent","23","5381"
"Clay","United States-President","Presidential Electors for Robert F. Kennedy Jr. for President and Nicole Shanahan for Vice President","Independent","38","5381"
"Coahoma","United States-President","Presidential Electors for Robert F. Kennedy Jr. for President and Nicole Shanahan for Vice President","Independent","39","5381"
"Copiah","United States-President","Presidential Electors for Robert F. Kennedy Jr. for President and Nicole Shanahan for Vice President","Independent","50","5381"
"Covington","United States-President","Presidential Electors for Robert F. Kennedy Jr. for President and Nicole Shanahan for Vice President","Independent","34","5381"
"DeSoto","United States-President","Presidential Electors for Robert F. Kennedy Jr. for President and Nicole Shanahan for Vice President","Independent","701","5381"
"Forrest","United States-President","Presidential Electors for Robert F. Kennedy Jr. for President and Nicole Shanahan for Vice President","Independent","168","5381"
"Franklin","United States-President","Presidential Electors for Robert F. Kennedy Jr. for President and Nicole Shanahan for Vice President","Independent","13","5381"
"George","United States-President","Presidential Electors for Robert F. Kennedy Jr. for President and Nicole Shanahan for Vice President","Independent","28","5381"
"Greene","United States-President","Presidential Electors for Robert F. Kennedy Jr. for President and Nicole Shanahan for Vice President","Independent","13","5381"
"Grenada","United States-President","Presidential Electors for Robert F. Kennedy Jr. for President and Nicole Shanahan for Vice President","Independent","28","5381"
"Hancock","United States-President","Presidential Electors for Robert F. Kennedy Jr. for President and Nicole Shanahan for Vice President","Independent","81","5381"
"Harrison","United States-President","Presidential Electors for Robert F. Kennedy Jr. for President and Nicole Shanahan for Vice President","Independent","345","5381"
"Hinds","United States-President","Presidential Electors for Robert F. Kennedy Jr. for President and Nicole Shanahan for Vice President","Independent","468","5381"
"Holmes","United States-President","Presidential Electors for Robert F. Kennedy Jr. for President and Nicole Shanahan for Vice President","Independent","27","5381"
"Humphreys","United States-President","Presidential Electors for Robert F. Kennedy Jr. for President and Nicole Shanahan for Vice President","Independent","10","5381"
"Issaquena","United States-President","Presidential Electors for Robert F. Kennedy Jr. for President and Nicole Shanahan for Vice President","Independent","6","5381"
"Itawamba","United States-President","Presidential Electors for Robert F. Kennedy Jr. for President and Nicole Shanahan for Vice President","Independent","29","5381"
"Jackson","United States-President","Presidential Electors for Robert F. Kennedy Jr. for President and Nicole Shanahan for Vice President","Independent","216","5381"
"Jasper","United States-President","Presidential Electors for Robert F. Kennedy Jr. for President and Nicole Shanahan for Vice President","Independent","20","5381"
"Jeff Davis","United States-President","Presidential Electors for Robert F. Kennedy Jr. for President and Nicole Shanahan for Vice President","Independent","16","5381"
"Jefferson","United States-President","Presidential Electors for Robert F. Kennedy Jr. for President and Nicole Shanahan for Vice President","Independent","15","5381"
"Jones","United States-President","Presidential Electors for Robert F. Kennedy Jr. for President and Nicole Shanahan for Vice President","Independent","104","5381"
"Kemper","United States-President","Presidential Electors for Robert F. Kennedy Jr. for President and Nicole Shanahan for Vice President","Independent","3","5381"
"Lafayette","United States-President","Presidential Electors for Robert F. Kennedy Jr. for President and Nicole Shanahan for Vice President","Independent","143","5381"
"Lamar","United States-President","Presidential Electors for Robert F. Kennedy Jr. for President and Nicole Shanahan for Vice President","Independent","130","5381"
"Lauderdale","United States-President","Presidential Electors for Robert F. Kennedy Jr. for President and Nicole Shanahan for Vice President","Independent","114","5381"
"Lawrence","United States-President","Presidential Electors for Robert F. Kennedy Jr. for President and Nicole Shanahan for Vice President","Independent","19","5381"
"Leake","United States-President","Presidential Electors for Robert F. Kennedy Jr. for President and Nicole Shanahan for Vice President","Independent","25","5381"
"Lee","United States-President","Presidential Electors for Robert F. Kennedy Jr. for President and Nicole Shanahan for Vice President","Independent","159","5381"
"Leflore","United States-President","Presidential Electors for Robert F. Kennedy Jr. for President and Nicole Shanahan for Vice President","Independent","41","5381"
"Lincoln","United States-President","Presidential Electors for Robert F. Kennedy Jr. for President and Nicole Shanahan for Vice President","Independent","40","5381"
"Lowndes","United States-President","Presidential Electors for Robert F. Kennedy Jr. for President and Nicole Shanahan for Vice President","Independent","102","5381"
"Madison","United States-President","Presidential Electors for Robert F. Kennedy Jr. for President and Nicole Shanahan for Vice President","Independent","253","5381"
"Marion","United States-President","Presidential Electors for Robert F. Kennedy Jr. for President and Nicole Shanahan for Vice President","Independent","41","5381"
"Marshall","United States-President","Presidential Electors for Robert F. Kennedy Jr. for President and Nicole Shanahan for Vice President","Independent","52","5381"
"Monroe","United States-President","Presidential Electors for Robert F. Kennedy Jr. for President and Nicole Shanahan for Vice President","Independent","57","5381"
"Montgomery","United States-President","Presidential Electors for Robert F. Kennedy Jr. for President and Nicole Shanahan for Vice President","Independent","8","5381"
"Neshoba","United States-President","Presidential Electors for Robert F. Kennedy Jr. for President and Nicole Shanahan for Vice President","Independent","47","5381"
"Newton","United States-President","Presidential Electors for Robert F. Kennedy Jr. for President and Nicole Shanahan for Vice President","Independent","34","5381"
"Noxubee","United States-President","Presidential Electors for Robert F. Kennedy Jr. for President and Nicole Shanahan for Vice President","Independent","10","5381"
"Oktibbeha","United States-President","Presidential Electors for Robert F. Kennedy Jr. for President and Nicole Shanahan for Vice President","Independent","96","5381"
"Panola","United States-President","Presidential Electors for Robert F. Kennedy Jr. for President and Nicole Shanahan for Vice President","Independent","80","5381"
"Pearl River","United States-President","Presidential Electors for Robert F. Kennedy Jr. for President and Nicole Shanahan for Vice President","Independent","101","5381"
"Perry","United States-President","Presidential Electors for Robert F. Kennedy Jr. for President and Nicole Shanahan for Vice President","Independent","9","5381"
"Pike","United States-President","Presidential Electors for Robert F. Kennedy Jr. for President and Nicole Shanahan for Vice President","Independent","52","5381"
"Pontotoc","United States-President","Presidential Electors for Robert F. Kennedy Jr. for President and Nicole Shanahan for Vice President","Independent","52","5381"
"Prentiss","United States-President","Presidential Electors for Robert F. Kennedy Jr. for President and Nicole Shanahan for Vice President","Independent","29","5381"
"Quitman","United States-President","Presidential Electors for Robert F. Kennedy Jr. for President and Nicole Shanahan for Vice President","Independent","15","5381"
"Rankin","United States-President","Presidential Electors for Robert F. Kennedy Jr. for President and Nicole Shanahan for Vice President","Independent","223","5381"
"Scott","United States-President","Presidential Electors for Robert F. Kennedy Jr. for President and Nicole Shanahan for Vice President","Independent","32","5381"
"Sharkey","United States-President","Presidential Electors for Robert F. Kennedy Jr. for President and Nicole Shanahan for Vice President","Independent","4","5381"
"Simpson","United States-President","Presidential Electors for Robert F. Kennedy Jr. for President and Nicole Shanahan for Vice President","Independent","24","5381"
"Smith","United States-President","Presidential Electors for Robert F. Kennedy Jr. for President and Nicole Shanahan for Vice President","Independent","20","5381"
"Stone","United States-President","Presidential Electors for Robert F. Kennedy Jr. for President and Nicole Shanahan for Vice President","Independent","26","5381"
"Sunflower","United States-President","Presidential Electors for Robert F. Kennedy Jr. for President and Nicole Shanahan for Vice President","Independent","20","5381"
"Tallahatchie","United States-President","Presidential Electors for Robert F. Kennedy Jr. for President and Nicole Shanahan for Vice President","Independent","21","5381"
"Tate","United States-President","Presidential Electors for Robert F. Kennedy Jr. for President and Nicole Shanahan for Vice President","Independent","52","5381"
"Tippah","United States-President","Presidential Electors for Robert F. Kennedy Jr. for President and Nicole Shanahan for Vice President","Independent","27","5381"
"Tishomingo","United States-President","Presidential Electors for Robert F. Kennedy Jr. for President and Nicole Shanahan for Vice President","Independent","30","5381"
"Tunica","United States-President","Presidential Electors for Robert F. Kennedy Jr. for President and Nicole Shanahan for Vice President","Independent","21","5381"
"Union","United States-President","Presidential Electors for Robert F. Kennedy Jr. for President and Nicole Shanahan for Vice President","Independent","52","5381"
"Walthall","United States-President","Presidential Electors for Robert F. Kennedy Jr. for President and Nicole Shanahan for Vice President","Independent","27","5381"
"Warren","United States-President","Presidential Electors for Robert F. Kennedy Jr. for President and Nicole Shanahan for Vice President","Independent","84","5381"
"Washington","United States-President","Presidential Electors for Robert F. Kennedy Jr. for President and Nicole Shanahan for Vice President","Independent","73","5381"
"Wayne","United States-President","Presidential Electors for Robert F. Kennedy Jr. for President and Nicole Shanahan for Vice President","Independent","44","5381"
"Webster","United States-President","Presidential Electors for Robert F. Kennedy Jr. for President and Nicole Shanahan for Vice President","Independent","9","5381"
"Wilkinson","United States-President","Presidential Electors for Robert F. Kennedy Jr. for President and Nicole Shanahan for Vice President","Independent","20","5381"
"Winston","United States-President","Presidential Electors for Robert F. Kennedy Jr. for President and Nicole Shanahan for Vice President","Independent","31","5381"
"Yalobusha","United States-President","Presidential Electors for Robert F. Kennedy Jr. for President and Nicole Shanahan for Vice President","Independent","40","5381"
"Yazoo","United States-President","Presidential Electors for Robert F. Kennedy Jr. for President and Nicole Shanahan for Vice President","Independent","31","5381"
"Adams","United States-President","Presidential Electors for Peter Sonski for President and Lauren Onak for Vice President","Independent","12","1003"
"Alcorn","United States-President","Presidential Electors for Peter Sonski for President and Lauren Onak for Vice President","Independent","14","1003"
"Amite","United States-President","Presidential Electors for Peter Sonski for President and Lauren Onak for Vice President","Independent","8","1003"
"Attala","United States-President","Presidential Electors for Peter Sonski for President and Lauren Onak for Vice President","Independent","0","1003"
"Benton","United States-President","Presidential Electors for Peter Sonski for President and Lauren Onak for Vice President","Independent","0","1003"
"Bolivar","United States-President","Presidential Electors for Peter Sonski for President and Lauren Onak for Vice President","Independent","6","1003"
"Calhoun","United States-President","Presidential Electors for Peter Sonski for President and Lauren Onak for Vice President","Independent","0","1003"
"Carroll","United States-President","Presidential Electors for Peter Sonski for President and Lauren Onak for Vice President","Independent","1","1003"
"Chickasaw","United States-President","Presidential Electors for Peter Sonski for President and Lauren Onak for Vice President","Independent","5","1003"
"Choctaw","United States-President","Presidential Electors for Peter Sonski for President and Lauren Onak for Vice President","Independent","1","1003"
"Claiborne","United States-President","Presidential Electors for Peter Sonski for President and Lauren Onak for Vice President","Independent","1","1003"
"Clarke","United States-President","Presidential Electors for Peter Sonski for President and Lauren Onak for Vice President","Independent","3","1003"
"Clay","United States-President","Presidential Electors for Peter Sonski for President and Lauren Onak for Vice President","Independent","4","1003"
"Coahoma","United States-President","Presidential Electors for Peter Sonski for President and Lauren Onak for Vice President","Independent","2","1003"
"Copiah","United States-President","Presidential Electors for Peter Sonski for President and Lauren Onak for Vice President","Independent","11","1003"
"Covington","United States-President","Presidential Electors for Peter Sonski for President and Lauren Onak for Vice President","Independent","2","1003"
"DeSoto","United States-President","Presidential Electors for Peter Sonski for President and Lauren Onak for Vice President","Independent","206","1003"
"Forrest","United States-President","Presidential Electors for Peter Sonski for President and Lauren Onak for Vice President","Independent","28","1003"
"Franklin","United States-President","Presidential Electors for Peter Sonski for President and Lauren Onak for Vice President","Independent","2","1003"
"George","United States-President","Presidential Electors for Peter Sonski for President and Lauren Onak for Vice President","Independent","7","1003"
"Greene","United States-President","Presidential Electors for Peter Sonski for President and Lauren Onak for Vice President","Independent","1","1003"
"Grenada","United States-President","Presidential Electors for Peter Sonski for President and Lauren Onak for Vice President","Independent","0","1003"
"Hancock","United States-President","Presidential Electors for Peter Sonski for President and Lauren Onak for Vice President","Independent","17","1003"
"Harrison","United States-President","Presidential Electors for Peter Sonski for President and Lauren Onak for Vice President","Independent","47","1003"
"Hinds","United States-President","Presidential Electors for Peter Sonski for President and Lauren Onak for Vice President","Independent","90","1003"
"Holmes","United States-President","Presidential Electors for Peter Sonski for President and Lauren Onak for Vice President","Independent","3","1003"
"Humphreys","United States-President","Presidential Electors for Peter Sonski for President and Lauren Onak for Vice President","Independent","0","1003"
"Issaquena","United States-President","Presidential Electors for Peter Sonski for President and Lauren Onak for Vice President","Independent","5","1003"
"Itawamba","United States-President","Presidential Electors for Peter Sonski for President and Lauren Onak for Vice President","Independent","5","1003"
"Jackson","United States-President","Presidential Electors for Peter Sonski for President and Lauren Onak for Vice President","Independent","29","1003"
"Jasper","United States-President","Presidential Electors for Peter Sonski for President and Lauren Onak for Vice President","Independent","2","1003"
"Jeff Davis","United States-President","Presidential Electors for Peter Sonski for President and Lauren Onak for Vice President","Independent","2","1003"
"Jefferson","United States-President","Presidential Electors for Peter Sonski for President and Lauren Onak for Vice President","Independent","1","1003"
"Jones","United States-President","Presidential Electors for Peter Sonski for President and Lauren Onak for Vice President","Independent","8","1003"
"Kemper","United States-President","Presidential Electors for Peter Sonski for President and Lauren Onak for Vice President","Independent","1","1003"
"Lafayette","United States-President","Presidential Electors for Peter Sonski for President and Lauren Onak for Vice President","Independent","34","1003"
"Lamar","United States-President","Presidential Electors for Peter Sonski for President and Lauren Onak for Vice President","Independent","40","1003"
"Lauderdale","United States-President","Presidential Electors for Peter Sonski for President and Lauren Onak for Vice President","Independent","16","1003"
"Lawrence","United States-President","Presidential Electors for Peter Sonski for President and Lauren Onak for Vice President","Independent","2","1003"
"Leake","United States-President","Presidential Electors for Peter Sonski for President and Lauren Onak for Vice President","Independent","3","1003"
"Lee","United States-President","Presidential Electors for Peter Sonski for President and Lauren Onak for Vice President","Independent","34","1003"
"Leflore","United States-President","Presidential Electors for Peter Sonski for President and Lauren Onak for Vice President","Independent","4","1003"
"Lincoln","United States-President","Presidential Electors for Peter Sonski for President and Lauren Onak for Vice President","Independent","10","1003"
"Lowndes","United States-President","Presidential Electors for Peter Sonski for President and Lauren Onak for Vice President","Independent","22","1003"
"Madison","United States-President","Presidential Electors for Peter Sonski for President and Lauren Onak for Vice President","Independent","56","1003"
"Marion","United States-President","Presidential Electors for Peter Sonski for President and Lauren Onak for Vice President","Independent","8","1003"
"Marshall","United States-President","Presidential Electors for Peter Sonski for President and Lauren Onak for Vice President","Independent","6","1003"
"Monroe","United States-President","Presidential Electors for Peter Sonski for President and Lauren Onak for Vice President","Independent","3","1003"
"Montgomery","United States-President","Presidential Electors for Peter Sonski for President and Lauren Onak for Vice President","Independent","4","1003"
"Neshoba","United States-President","Presidential Electors for Peter Sonski for President and Lauren Onak for Vice President","Independent","7","1003"
"Newton","United States-President","Presidential Electors for Peter Sonski for President and Lauren Onak for Vice President","Independent","1","1003"
"Noxubee","United States-President","Presidential Electors for Peter Sonski for President and Lauren Onak for Vice President","Independent","1","1003"
"Oktibbeha","United States-President","Presidential Electors for Peter Sonski for President and Lauren Onak for Vice President","Independent","33","1003"
"Panola","United States-President","Presidential Electors for Peter Sonski for President and Lauren Onak for Vice President","Independent","9","1003"
"Pearl River","United States-President","Presidential Electors for Peter Sonski for President and Lauren Onak for Vice President","Independent","13","1003"
"Perry","United States-President","Presidential Electors for Peter Sonski for President and Lauren Onak for Vice President","Independent","1","1003"
"Pike","United States-President","Presidential Electors for Peter Sonski for President and Lauren Onak for Vice President","Independent","9","1003"
"Pontotoc","United States-President","Presidential Electors for Peter Sonski for President and Lauren Onak for Vice President","Independent","7","1003"
"Prentiss","United States-President","Presidential Electors for Peter Sonski for President and Lauren Onak for Vice President","Independent","5","1003"
"Quitman","United States-President","Presidential Electors for Peter Sonski for President and Lauren Onak for Vice President","Independent","1","1003"
"Rankin","United States-President","Presidential Electors for Peter Sonski for President and Lauren Onak for Vice President","Independent","64","1003"
"Scott","United States-President","Presidential Electors for Peter Sonski for President and Lauren Onak for Vice President","Independent","2","1003"
"Sharkey","United States-President","Presidential Electors for Peter Sonski for President and Lauren Onak for Vice President","Independent","0","1003"
"Simpson","United States-President","Presidential Electors for Peter Sonski for President and Lauren Onak for Vice President","Independent","0","1003"
"Smith","United States-President","Presidential Electors for Peter Sonski for President and Lauren Onak for Vice President","Independent","3","1003"
"Stone","United States-President","Presidential Electors for Peter Sonski for President and Lauren Onak for Vice President","Independent","12","1003"
"Sunflower","United States-President","Presidential Electors for Peter Sonski for President and Lauren Onak for Vice President","Independent","4","1003"
"Tallahatchie","United States-President","Presidential Electors for Peter Sonski for President and Lauren Onak for Vice President","Independent","2","1003"
"Tate","United States-President","Presidential Electors for Peter Sonski for President and Lauren Onak for Vice President","Independent","13","1003"
"Tippah","United States-President","Presidential Electors for Peter Sonski for President and Lauren Onak for Vice President","Independent","0","1003"
"Tishomingo","United States-President","Presidential Electors for Peter Sonski for President and Lauren Onak for Vice President","Independent","0","1003"
"Tunica","United States-President","Presidential Electors for Peter Sonski for President and Lauren Onak for Vice President","Independent","1","1003"
"Union","United States-President","Presidential Electors for Peter Sonski for President and Lauren Onak for Vice President","Independent","9","1003"
"Walthall","United States-President","Presidential Electors for Peter Sonski for President and Lauren Onak for Vice President","Independent","4","1003"
"Warren","United States-President","Presidential Electors for Peter Sonski for President and Lauren Onak for Vice President","Independent","18","1003"
"Washington","United States-President","Presidential Electors for Peter Sonski for President and Lauren Onak for Vice President","Independent","6","1003"
"Wayne","United States-President","Presidential Electors for Peter Sonski for President and Lauren Onak for Vice President","Independent","1","1003"
"Webster","United States-President","Presidential Electors for Peter Sonski for President and Lauren Onak for Vice President","Independent","2","1003"
"Wilkinson","United States-President","Presidential Electors for Peter Sonski for President and Lauren Onak for Vice President","Independent","0","1003"
"Winston","United States-President","Presidential Electors for Peter Sonski for President and Lauren Onak for Vice President","Independent","4","1003"
"Yalobusha","United States-President","Presidential Electors for Peter Sonski for President and Lauren Onak for Vice President","Independent","3","1003"
"Yazoo","United States-President","Presidential Electors for Peter Sonski for President and Lauren Onak for Vice President","Independent","2","1003"
"Adams","United States-Senate","Ty Pinkins","Democrat","6560","450749"
"Alcorn","United States-Senate","Ty Pinkins","Democrat","2280","450749"
"Amite","United States-Senate","Ty Pinkins","Democrat","2294","450749"
"Attala","United States-Senate","Ty Pinkins","Democrat","2894","450749"
"Benton","United States-Senate","Ty Pinkins","Democrat","1280","450749"
"Bolivar","United States-Senate","Ty Pinkins","Democrat","6200","450749"
"Calhoun","United States-Senate","Ty Pinkins","Democrat","1512","450749"
"Carroll","United States-Senate","Ty Pinkins","Democrat","1378","450749"
"Chickasaw","United States-Senate","Ty Pinkins","Democrat","3023","450749"
"Choctaw","United States-Senate","Ty Pinkins","Democrat","937","450749"
"Claiborne","United States-Senate","Ty Pinkins","Democrat","2843","450749"
"Clarke","United States-Senate","Ty Pinkins","Democrat","2350","450749"
"Clay","United States-Senate","Ty Pinkins","Democrat","4886","450749"
"Coahoma","United States-Senate","Ty Pinkins","Democrat","4533","450749"
"Copiah","United States-Senate","Ty Pinkins","Democrat","5287","450749"
"Covington","United States-Senate","Ty Pinkins","Democrat","2879","450749"
"DeSoto","United States-Senate","Ty Pinkins","Democrat","28914","450749"
"Forrest","United States-Senate","Ty Pinkins","Democrat","11221","450749"
"Franklin","United States-Senate","Ty Pinkins","Democrat","1203","450749"
"George","United States-Senate","Ty Pinkins","Democrat","1216","450749"
"Greene","United States-Senate","Ty Pinkins","Democrat","891","450749"
"Grenada","United States-Senate","Ty Pinkins","Democrat","3989","450749"
"Hancock","United States-Senate","Ty Pinkins","Democrat","4104","450749"
"Harrison","United States-Senate","Ty Pinkins","Democrat","25289","450749"
"Hinds","United States-Senate","Ty Pinkins","Democrat","60625","450749"
"Holmes","United States-Senate","Ty Pinkins","Democrat","5226","450749"
"Humphreys","United States-Senate","Ty Pinkins","Democrat","2355","450749"
"Issaquena","United States-Senate","Ty Pinkins","Democrat","291","450749"
"Itawamba","United States-Senate","Ty Pinkins","Democrat","1114","450749"
"Jackson","United States-Senate","Ty Pinkins","Democrat","14932","450749"
"Jasper","United States-Senate","Ty Pinkins","Democrat","3646","450749"
"Jeff Davis","United States-Senate","Ty Pinkins","Democrat","2970","450749"
"Jefferson","United States-Senate","Ty Pinkins","Democrat","2634","450749"
"Jones","United States-Senate","Ty Pinkins","Democrat","7246","450749"
"Kemper","United States-Senate","Ty Pinkins","Democrat","2234","450749"
"Lafayette","United States-Senate","Ty Pinkins","Democrat","8447","450749"
"Lamar","United States-Senate","Ty Pinkins","Democrat","6863","450749"
"Lauderdale","United States-Senate","Ty Pinkins","Democrat","10139","450749"
"Lawrence","United States-Senate","Ty Pinkins","Democrat","1867","450749"
"Leake","United States-Senate","Ty Pinkins","Democrat","3116","450749"
"Lee","United States-Senate","Ty Pinkins","Democrat","10352","450749"
"Leflore","United States-Senate","Ty Pinkins","Democrat","6231","450749"
"Lincoln","United States-Senate","Ty Pinkins","Democrat","4080","450749"
"Lowndes","United States-Senate","Ty Pinkins","Democrat","10690","450749"
"Madison","United States-Senate","Ty Pinkins","Democrat","21180","450749"
"Marion","United States-Senate","Ty Pinkins","Democrat","3241","450749"
"Marshall","United States-Senate","Ty Pinkins","Democrat","6634","450749"
"Monroe","United States-Senate","Ty Pinkins","Democrat","5025","450749"
"Montgomery","United States-Senate","Ty Pinkins","Democrat","1678","450749"
"Neshoba","United States-Senate","Ty Pinkins","Democrat","2539","450749"
"Newton","United States-Senate","Ty Pinkins","Democrat","2562","450749"
"Noxubee","United States-Senate","Ty Pinkins","Democrat","2975","450749"
"Oktibbeha","United States-Senate","Ty Pinkins","Democrat","8325","450749"
"Panola","United States-Senate","Ty Pinkins","Democrat","5978","450749"
"Pearl River","United States-Senate","Ty Pinkins","Democrat","4012","450749"
"Perry","United States-Senate","Ty Pinkins","Democrat","1089","450749"
"Pike","United States-Senate","Ty Pinkins","Democrat","5898","450749"
"Pontotoc","United States-Senate","Ty Pinkins","Democrat","2304","450749"
"Prentiss","United States-Senate","Ty Pinkins","Democrat","1717","450749"
"Quitman","United States-Senate","Ty Pinkins","Democrat","1629","450749"
"Rankin","United States-Senate","Ty Pinkins","Democrat","17267","450749"
"Scott","United States-Senate","Ty Pinkins","Democrat","3680","450749"
"Sharkey","United States-Senate","Ty Pinkins","Democrat","1229","450749"
"Simpson","United States-Senate","Ty Pinkins","Democrat","3389","450749"
"Smith","United States-Senate","Ty Pinkins","Democrat","1458","450749"
"Stone","United States-Senate","Ty Pinkins","Democrat","1510","450749"
"Sunflower","United States-Senate","Ty Pinkins","Democrat","4659","450749"
"Tallahatchie","United States-Senate","Ty Pinkins","Democrat","2546","450749"
"Tate","United States-Senate","Ty Pinkins","Democrat","3498","450749"
"Tippah","United States-Senate","Ty Pinkins","Democrat","1550","450749"
"Tishomingo","United States-Senate","Ty Pinkins","Democrat","1038","450749"
"Tunica","United States-Senate","Ty Pinkins","Democrat","1798","450749"
"Union","United States-Senate","Ty Pinkins","Democrat","1779","450749"
"Walthall","United States-Senate","Ty Pinkins","Democrat","2319","450749"
"Warren","United States-Senate","Ty Pinkins","Democrat","8272","450749"
"Washington","United States-Senate","Ty Pinkins","Democrat","9406","450749"
"Wayne","United States-Senate","Ty Pinkins","Democrat","3075","450749"
"Webster","United States-Senate","Ty Pinkins","Democrat","854","450749"
"Wilkinson","United States-Senate","Ty Pinkins","Democrat","1710","450749"
"Winston","United States-Senate","Ty Pinkins","Democrat","3439","450749"
"Yalobusha","United States-Senate","Ty Pinkins","Democrat","2243","450749"
"Yazoo","United States-Senate","Ty Pinkins","Democrat","4223","450749"
"Adams","United States-Senate","Roger F. Wicker","Republican","5219","761934"
"Alcorn","United States-Senate","Roger F. Wicker","Republican","12576","761934"
"Amite","United States-Senate","Roger F. Wicker","Republican","4514","761934"
"Attala","United States-Senate","Roger F. Wicker","Republican","4753","761934"
"Benton","United States-Senate","Roger F. Wicker","Republican","2522","761934"
"Bolivar","United States-Senate","Roger F. Wicker","Republican","4101","761934"
"Calhoun","United States-Senate","Roger F. Wicker","Republican","4402","761934"
"Carroll","United States-Senate","Roger F. Wicker","Republican","3746","761934"
"Chickasaw","United States-Senate","Roger F. Wicker","Republican","4121","761934"
"Choctaw","United States-Senate","Roger F. Wicker","Republican","2866","761934"
"Claiborne","United States-Senate","Roger F. Wicker","Republican","719","761934"
"Clarke","United States-Senate","Roger F. Wicker","Republican","5151","761934"
"Clay","United States-Senate","Roger F. Wicker","Republican","4228","761934"
"Coahoma","United States-Senate","Roger F. Wicker","Republican","2146","761934"
"Copiah","United States-Senate","Roger F. Wicker","Republican","6388","761934"
"Covington","United States-Senate","Roger F. Wicker","Republican","5924","761934"
"DeSoto","United States-Senate","Roger F. Wicker","Republican","49073","761934"
"Forrest","United States-Senate","Roger F. Wicker","Republican","17104","761934"
"Franklin","United States-Senate","Roger F. Wicker","Republican","2852","761934"
"George","United States-Senate","Roger F. Wicker","Republican","9662","761934"
"Greene","United States-Senate","Roger F. Wicker","Republican","4712","761934"
"Grenada","United States-Senate","Roger F. Wicker","Republican","5689","761934"
"Hancock","United States-Senate","Roger F. Wicker","Republican","16797","761934"
"Harrison","United States-Senate","Roger F. Wicker","Republican","49863","761934"
"Hinds","United States-Senate","Roger F. Wicker","Republican","25901","761934"
"Holmes","United States-Senate","Roger F. Wicker","Republican","1456","761934"
"Humphreys","United States-Senate","Roger F. Wicker","Republican","1075","761934"
"Issaquena","United States-Senate","Roger F. Wicker","Republican","304","761934"
"Itawamba","United States-Senate","Roger F. Wicker","Republican","9337","761934"
"Jackson","United States-Senate","Roger F. Wicker","Republican","37059","761934"
"Jasper","United States-Senate","Roger F. Wicker","Republican","4189","761934"
"Jeff Davis","United States-Senate","Roger F. Wicker","Republican","2383","761934"
"Jefferson","United States-Senate","Roger F. Wicker","Republican","693","761934"
"Jones","United States-Senate","Roger F. Wicker","Republican","20307","761934"
"Kemper","United States-Senate","Roger F. Wicker","Republican","1824","761934"
"Lafayette","United States-Senate","Roger F. Wicker","Republican","14761","761934"
"Lamar","United States-Senate","Roger F. Wicker","Republican","20984","761934"
"Lauderdale","United States-Senate","Roger F. Wicker","Republican","16873","761934"
"Lawrence","United States-Senate","Roger F. Wicker","Republican","4137","761934"
"Leake","United States-Senate","Roger F. Wicker","Republican","5229","761934"
"Lee","United States-Senate","Roger F. Wicker","Republican","24415","761934"
"Leflore","United States-Senate","Roger F. Wicker","Republican","3111","761934"
"Lincoln","United States-Senate","Roger F. Wicker","Republican","11599","761934"
"Lowndes","United States-Senate","Roger F. Wicker","Republican","13548","761934"
"Madison","United States-Senate","Roger F. Wicker","Republican","34181","761934"
"Marion","United States-Senate","Roger F. Wicker","Republican","7845","761934"
"Marshall","United States-Senate","Roger F. Wicker","Republican","8100","761934"
"Monroe","United States-Senate","Roger F. Wicker","Republican","10920","761934"
"Montgomery","United States-Senate","Roger F. Wicker","Republican","2671","761934"
"Neshoba","United States-Senate","Roger F. Wicker","Republican","8245","761934"
"Newton","United States-Senate","Roger F. Wicker","Republican","6657","761934"
"Noxubee","United States-Senate","Roger F. Wicker","Republican","1312","761934"
"Oktibbeha","United States-Senate","Roger F. Wicker","Republican","9498","761934"
"Panola","United States-Senate","Roger F. Wicker","Republican","8374","761934"
"Pearl River","United States-Senate","Roger F. Wicker","Republican","20157","761934"
"Perry","United States-Senate","Roger F. Wicker","Republican","4412","761934"
"Pike","United States-Senate","Roger F. Wicker","Republican","6719","761934"
"Pontotoc","United States-Senate","Roger F. Wicker","Republican","11556","761934"
"Prentiss","United States-Senate","Roger F. Wicker","Republican","8504","761934"
"Quitman","United States-Senate","Roger F. Wicker","Republican","952","761934"
"Rankin","United States-Senate","Roger F. Wicker","Republican","51542","761934"
"Scott","United States-Senate","Roger F. Wicker","Republican","6122","761934"
"Sharkey","United States-Senate","Roger F. Wicker","Republican","556","761934"
"Simpson","United States-Senate","Roger F. Wicker","Republican","7556","761934"
"Smith","United States-Senate","Roger F. Wicker","Republican","6158","761934"
"Stone","United States-Senate","Roger F. Wicker","Republican","6282","761934"
"Sunflower","United States-Senate","Roger F. Wicker","Republican","3074","761934"
"Tallahatchie","United States-Senate","Roger F. Wicker","Republican","2478","761934"
"Tate","United States-Senate","Roger F. Wicker","Republican","9225","761934"
"Tippah","United States-Senate","Roger F. Wicker","Republican","7927","761934"
"Tishomingo","United States-Senate","Roger F. Wicker","Republican","7824","761934"
"Tunica","United States-Senate","Roger F. Wicker","Republican","827","761934"
"Union","United States-Senate","Roger F. Wicker","Republican","10484","761934"
"Walthall","United States-Senate","Roger F. Wicker","Republican","4158","761934"
"Warren","United States-Senate","Roger F. Wicker","Republican","9770","761934"
"Washington","United States-Senate","Roger F. Wicker","Republican","4926","761934"
"Wayne","United States-Senate","Roger F. Wicker","Republican","6022","761934"
"Webster","United States-Senate","Roger F. Wicker","Republican","4203","761934"
"Wilkinson","United States-Senate","Roger F. Wicker","Republican","1136","761934"
"Winston","United States-Senate","Roger F. Wicker","Republican","4937","761934"
"Yalobusha","United States-Senate","Roger F. Wicker","Republican","3609","761934"
"Yazoo","United States-Senate","Roger F. Wicker","Republican","4702","761934"
"Alcorn","US House Of Rep 01-1st Congressional District","Dianne Dodson Black","Democrat","2208","96697"
"Benton","US House Of Rep 01-1st Congressional District","Dianne Dodson Black","Democrat","1294","96697"
"Calhoun","US House Of Rep 01-1st Congressional District","Dianne Dodson Black","Democrat","1472","96697"
"Chickasaw","US House Of Rep 01-1st Congressional District","Dianne Dodson Black","Democrat","2997","96697"
"Choctaw","US House Of Rep 01-1st Congressional District","Dianne Dodson Black","Democrat","914","96697"
"Clay","US House Of Rep 01-1st Congressional District","Dianne Dodson Black","Democrat","4857","96697"
"DeSoto","US House Of Rep 01-1st Congressional District","Dianne Dodson Black","Democrat","29065","96697"
"Itawamba","US House Of Rep 01-1st Congressional District","Dianne Dodson Black","Democrat","967","96697"
"Lafayette","US House Of Rep 01-1st Congressional District","Dianne Dodson Black","Democrat","8435","96697"
"Lee","US House Of Rep 01-1st Congressional District","Dianne Dodson Black","Democrat","9801","96697"
"Lowndes","US House Of Rep 01-1st Congressional District","Dianne Dodson Black","Democrat","10681","96697"
"Marshall","US House Of Rep 01-1st Congressional District","Dianne Dodson Black","Democrat","6736","96697"
"Monroe","US House Of Rep 01-1st Congressional District","Dianne Dodson Black","Democrat","4884","96697"
"Oktibbeha","US House Of Rep 01-1st Congressional District","Dianne Dodson Black","Democrat","302","96697"
"Pontotoc","US House Of Rep 01-1st Congressional District","Dianne Dodson Black","Democrat","2054","96697"
"Prentiss","US House Of Rep 01-1st Congressional District","Dianne Dodson Black","Democrat","1572","96697"
"Tate","US House Of Rep 01-1st Congressional District","Dianne Dodson Black","Democrat","3514","96697"
"Tippah","US House Of Rep 01-1st Congressional District","Dianne Dodson Black","Democrat","1507","96697"
"Tishomingo","US House Of Rep 01-1st Congressional District","Dianne Dodson Black","Democrat","903","96697"
"Union","US House Of Rep 01-1st Congressional District","Dianne Dodson Black","Democrat","1714","96697"
"Webster","US House Of Rep 01-1st Congressional District","Dianne Dodson Black","Democrat","820","96697"
"Alcorn","US House Of Rep 01-1st Congressional District","Trent Kelly","Republican","12674","223589"
"Benton","US House Of Rep 01-1st Congressional District","Trent Kelly","Republican","2494","223589"
"Calhoun","US House Of Rep 01-1st Congressional District","Trent Kelly","Republican","4472","223589"
"Chickasaw","US House Of Rep 01-1st Congressional District","Trent Kelly","Republican","4150","223589"
"Choctaw","US House Of Rep 01-1st Congressional District","Trent Kelly","Republican","2909","223589"
"Clay","US House Of Rep 01-1st Congressional District","Trent Kelly","Republican","4228","223589"
"DeSoto","US House Of Rep 01-1st Congressional District","Trent Kelly","Republican","48761","223589"
"Itawamba","US House Of Rep 01-1st Congressional District","Trent Kelly","Republican","9576","223589"
"Lafayette","US House Of Rep 01-1st Congressional District","Trent Kelly","Republican","14785","223589"
"Lee","US House Of Rep 01-1st Congressional District","Trent Kelly","Republican","25193","223589"
"Lowndes","US House Of Rep 01-1st Congressional District","Trent Kelly","Republican","13499","223589"
"Marshall","US House Of Rep 01-1st Congressional District","Trent Kelly","Republican","7958","223589"
"Monroe","US House Of Rep 01-1st Congressional District","Trent Kelly","Republican","11059","223589"
"Oktibbeha","US House Of Rep 01-1st Congressional District","Trent Kelly","Republican","1073","223589"
"Pontotoc","US House Of Rep 01-1st Congressional District","Trent Kelly","Republican","11914","223589"
"Prentiss","US House Of Rep 01-1st Congressional District","Trent Kelly","Republican","8729","223589"
"Tate","US House Of Rep 01-1st Congressional District","Trent Kelly","Republican","9206","223589"
"Tippah","US House Of Rep 01-1st Congressional District","Trent Kelly","Republican","8001","223589"
"Tishomingo","US House Of Rep 01-1st Congressional District","Trent Kelly","Republican","8007","223589"
"Union","US House Of Rep 01-1st Congressional District","Trent Kelly","Republican","10646","223589"
"Webster","US House Of Rep 01-1st Congressional District","Trent Kelly","Republican","4255","223589"
"Adams","US House Of Rep 02-2nd Congressional District","Ron Eller","Republican","4924","108956"
"Amite","US House Of Rep 02-2nd Congressional District","Ron Eller","Republican","4414","108956"
"Attala","US House Of Rep 02-2nd Congressional District","Ron Eller","Republican","4570","108956"
"Bolivar","US House Of Rep 02-2nd Congressional District","Ron Eller","Republican","3752","108956"
"Carroll","US House Of Rep 02-2nd Congressional District","Ron Eller","Republican","3617","108956"
"Claiborne","US House Of Rep 02-2nd Congressional District","Ron Eller","Republican","522","108956"
"Coahoma","US House Of Rep 02-2nd Congressional District","Ron Eller","Republican","1842","108956"
"Copiah","US House Of Rep 02-2nd Congressional District","Ron Eller","Republican","5934","108956"
"Franklin","US House Of Rep 02-2nd Congressional District","Ron Eller","Republican","2779","108956"
"Grenada","US House Of Rep 02-2nd Congressional District","Ron Eller","Republican","5482","108956"
"Hinds","US House Of Rep 02-2nd Congressional District","Ron Eller","Republican","18088","108956"
"Holmes","US House Of Rep 02-2nd Congressional District","Ron Eller","Republican","1148","108956"
"Humphreys","US House Of Rep 02-2nd Congressional District","Ron Eller","Republican","924","108956"
"Issaquena","US House Of Rep 02-2nd Congressional District","Ron Eller","Republican","297","108956"
"Jefferson","US House Of Rep 02-2nd Congressional District","Ron Eller","Republican","494","108956"
"Leake","US House Of Rep 02-2nd Congressional District","Ron Eller","Republican","5010","108956"
"Leflore","US House Of Rep 02-2nd Congressional District","Ron Eller","Republican","2794","108956"
"Madison","US House Of Rep 02-2nd Congressional District","Ron Eller","Republican","2692","108956"
"Montgomery","US House Of Rep 02-2nd Congressional District","Ron Eller","Republican","2548","108956"
"Panola","US House Of Rep 02-2nd Congressional District","Ron Eller","Republican","7824","108956"
"Quitman","US House Of Rep 02-2nd Congressional District","Ron Eller","Republican","847","108956"
"Sharkey","US House Of Rep 02-2nd Congressional District","Ron Eller","Republican","532","108956"
"Sunflower","US House Of Rep 02-2nd Congressional District","Ron Eller","Republican","2296","108956"
"Tallahatchie","US House Of Rep 02-2nd Congressional District","Ron Eller","Republican","2156","108956"
"Tunica","US House Of Rep 02-2nd Congressional District","Ron Eller","Republican","757","108956"
"Warren","US House Of Rep 02-2nd Congressional District","Ron Eller","Republican","9465","108956"
"Washington","US House Of Rep 02-2nd Congressional District","Ron Eller","Republican","4432","108956"
"Wilkinson","US House Of Rep 02-2nd Congressional District","Ron Eller","Republican","1032","108956"
"Yalobusha","US House Of Rep 02-2nd Congressional District","Ron Eller","Republican","3378","108956"
"Yazoo","US House Of Rep 02-2nd Congressional District","Ron Eller","Republican","4406","108956"
"Adams","US House Of Rep 02-2nd Congressional District","Bennie G. Thompson","Democrat","6947","177885"
"Amite","US House Of Rep 02-2nd Congressional District","Bennie G. Thompson","Democrat","2411","177885"
"Attala","US House Of Rep 02-2nd Congressional District","Bennie G. Thompson","Democrat","3131","177885"
"Bolivar","US House Of Rep 02-2nd Congressional District","Bennie G. Thompson","Democrat","6683","177885"
"Carroll","US House Of Rep 02-2nd Congressional District","Bennie G. Thompson","Democrat","1579","177885"
"Claiborne","US House Of Rep 02-2nd Congressional District","Bennie G. Thompson","Democrat","3082","177885"
"Coahoma","US House Of Rep 02-2nd Congressional District","Bennie G. Thompson","Democrat","4958","177885"
"Copiah","US House Of Rep 02-2nd Congressional District","Bennie G. Thompson","Democrat","5810","177885"
"Franklin","US House Of Rep 02-2nd Congressional District","Bennie G. Thompson","Democrat","1297","177885"
"Grenada","US House Of Rep 02-2nd Congressional District","Bennie G. Thompson","Democrat","4253","177885"
"Hinds","US House Of Rep 02-2nd Congressional District","Bennie G. Thompson","Democrat","58528","177885"
"Holmes","US House Of Rep 02-2nd Congressional District","Bennie G. Thompson","Democrat","5625","177885"
"Humphreys","US House Of Rep 02-2nd Congressional District","Bennie G. Thompson","Democrat","2578","177885"
"Issaquena","US House Of Rep 02-2nd Congressional District","Bennie G. Thompson","Democrat","296","177885"
"Jefferson","US House Of Rep 02-2nd Congressional District","Bennie G. Thompson","Democrat","2864","177885"
"Leake","US House Of Rep 02-2nd Congressional District","Bennie G. Thompson","Democrat","3382","177885"
"Leflore","US House Of Rep 02-2nd Congressional District","Bennie G. Thompson","Democrat","6693","177885"
"Madison","US House Of Rep 02-2nd Congressional District","Bennie G. Thompson","Democrat","8038","177885"
"Montgomery","US House Of Rep 02-2nd Congressional District","Bennie G. Thompson","Democrat","1860","177885"
"Panola","US House Of Rep 02-2nd Congressional District","Bennie G. Thompson","Democrat","6611","177885"
"Quitman","US House Of Rep 02-2nd Congressional District","Bennie G. Thompson","Democrat","1823","177885"
"Sharkey","US House Of Rep 02-2nd Congressional District","Bennie G. Thompson","Democrat","1236","177885"
"Sunflower","US House Of Rep 02-2nd Congressional District","Bennie G. Thompson","Democrat","5543","177885"
"Tallahatchie","US House Of Rep 02-2nd Congressional District","Bennie G. Thompson","Democrat","2936","177885"
"Tunica","US House Of Rep 02-2nd Congressional District","Bennie G. Thompson","Democrat","1921","177885"
"Warren","US House Of Rep 02-2nd Congressional District","Bennie G. Thompson","Democrat","8807","177885"
"Washington","US House Of Rep 02-2nd Congressional District","Bennie G. Thompson","Democrat","10036","177885"
"Wilkinson","US House Of Rep 02-2nd Congressional District","Bennie G. Thompson","Democrat","1873","177885"
"Yalobusha","US House Of Rep 02-2nd Congressional District","Bennie G. Thompson","Democrat","2494","177885"
"Yazoo","US House Of Rep 02-2nd Congressional District","Bennie G. Thompson","Democrat","4590","177885"
"Clarke","US House Of Rep 03-3rd Congressional District","Michael Guest","Republican","6400","263239"
"Covington","US House Of Rep 03-3rd Congressional District","Michael Guest","Republican","7396","263239"
"Hinds","US House Of Rep 03-3rd Congressional District","Michael Guest","Republican","7565","263239"
"Jasper","US House Of Rep 03-3rd Congressional District","Michael Guest","Republican","6140","263239"
"Jeff Davis","US House Of Rep 03-3rd Congressional District","Michael Guest","Republican","3693","263239"
"Jones","US House Of Rep 03-3rd Congressional District","Michael Guest","Republican","3598","263239"
"Kemper","US House Of Rep 03-3rd Congressional District","Michael Guest","Republican","2835","263239"
"Lauderdale","US House Of Rep 03-3rd Congressional District","Michael Guest","Republican","21312","263239"
"Lawrence","US House Of Rep 03-3rd Congressional District","Michael Guest","Republican","5081","263239"
"Lincoln","US House Of Rep 03-3rd Congressional District","Michael Guest","Republican","13732","263239"
"Madison","US House Of Rep 03-3rd Congressional District","Michael Guest","Republican","38137","263239"
"Marion","US House Of Rep 03-3rd Congressional District","Michael Guest","Republican","9360","263239"
"Neshoba","US House Of Rep 03-3rd Congressional District","Michael Guest","Republican","9733","263239"
"Newton","US House Of Rep 03-3rd Congressional District","Michael Guest","Republican","8078","263239"
"Noxubee","US House Of Rep 03-3rd Congressional District","Michael Guest","Republican","2113","263239"
"Oktibbeha","US House Of Rep 03-3rd Congressional District","Michael Guest","Republican","12415","263239"
"Pike","US House Of Rep 03-3rd Congressional District","Michael Guest","Republican","9425","263239"
"Rankin","US House Of Rep 03-3rd Congressional District","Michael Guest","Republican","60161","263239"
"Scott","US House Of Rep 03-3rd Congressional District","Michael Guest","Republican","8027","263239"
"Simpson","US House Of Rep 03-3rd Congressional District","Michael Guest","Republican","9176","263239"
"Smith","US House Of Rep 03-3rd Congressional District","Michael Guest","Republican","6940","263239"
"Walthall","US House Of Rep 03-3rd Congressional District","Michael Guest","Republican","5068","263239"
"Winston","US House Of Rep 03-3rd Congressional District","Michael Guest","Republican","6854","263239"
"Forrest","US House Of Rep 04-4th Congressional District","Mike Ezell","Republican","17631","215095"
"George","US House Of Rep 04-4th Congressional District","Mike Ezell","Republican","9859","215095"
"Greene","US House Of Rep 04-4th Congressional District","Mike Ezell","Republican","4827","215095"
"Hancock","US House Of Rep 04-4th Congressional District","Mike Ezell","Republican","16945","215095"
"Harrison","US House Of Rep 04-4th Congressional District","Mike Ezell","Republican","50752","215095"
"Jackson","US House Of Rep 04-4th Congressional District","Mike Ezell","Republican","38288","215095"
"Jones","US House Of Rep 04-4th Congressional District","Mike Ezell","Republican","17735","215095"
"Lamar","US House Of Rep 04-4th Congressional District","Mike Ezell","Republican","21437","215095"
"Pearl River","US House Of Rep 04-4th Congressional District","Mike Ezell","Republican","20469","215095"
"Perry","US House Of Rep 04-4th Congressional District","Mike Ezell","Republican","4527","215095"
"Stone","US House Of Rep 04-4th Congressional District","Mike Ezell","Republican","6354","215095"
"Wayne","US House Of Rep 04-4th Congressional District","Mike Ezell","Republican","6271","215095"
"Forrest","US House Of Rep 04-4th Congressional District","Craig Elliot Raybon","Democrat","10641","75771"
"George","US House Of Rep 04-4th Congressional District","Craig Elliot Raybon","Democrat","1078","75771"
"Greene","US House Of Rep 04-4th Congressional District","Craig Elliot Raybon","Democrat","785","75771"
"Hancock","US House Of Rep 04-4th Congressional District","Craig Elliot Raybon","Democrat","3900","75771"
"Harrison","US House Of Rep 04-4th Congressional District","Craig Elliot Raybon","Democrat","24247","75771"
"Jackson","US House Of Rep 04-4th Congressional District","Craig Elliot Raybon","Democrat","13698","75771"
"Jones","US House Of Rep 04-4th Congressional District","Craig Elliot Raybon","Democrat","5911","75771"
"Lamar","US House Of Rep 04-4th Congressional District","Craig Elliot Raybon","Democrat","6449","75771"
"Pearl River","US House Of Rep 04-4th Congressional District","Craig Elliot Raybon","Democrat","3781","75771"
"Perry","US House Of Rep 04-4th Congressional District","Craig Elliot Raybon","Democrat","985","75771"
"Stone","US House Of Rep 04-4th Congressional District","Craig Elliot Raybon","Democrat","1442","75771"
"Wayne","US House Of Rep 04-4th Congressional District","Craig Elliot Raybon","Democrat","2854","75771"
"Bolivar","Central District-Supreme Court District 1(Central) Position 3","Jenifer B. Branning","","2813","147892"
"Claiborne","Central District-Supreme Court District 1(Central) Position 3","Jenifer B. Branning","","678","147892"
"Copiah","Central District-Supreme Court District 1(Central) Position 3","Jenifer B. Branning","","2805","147892"
"Hinds","Central District-Supreme Court District 1(Central) Position 3","Jenifer B. Branning","","21268","147892"
"Holmes","Central District-Supreme Court District 1(Central) Position 3","Jenifer B. Branning","","1561","147892"
"Humphreys","Central District-Supreme Court District 1(Central) Position 3","Jenifer B. Branning","","728","147892"
"Issaquena","Central District-Supreme Court District 1(Central) Position 3","Jenifer B. Branning","","192","147892"
"Jefferson","Central District-Supreme Court District 1(Central) Position 3","Jenifer B. Branning","","582","147892"
"Kemper","Central District-Supreme Court District 1(Central) Position 3","Jenifer B. Branning","","1941","147892"
"Lauderdale","Central District-Supreme Court District 1(Central) Position 3","Jenifer B. Branning","","14702","147892"
"Leake","Central District-Supreme Court District 1(Central) Position 3","Jenifer B. Branning","","4936","147892"
"Madison","Central District-Supreme Court District 1(Central) Position 3","Jenifer B. Branning","","24753","147892"
"Neshoba","Central District-Supreme Court District 1(Central) Position 3","Jenifer B. Branning","","8501","147892"
"Newton","Central District-Supreme Court District 1(Central) Position 3","Jenifer B. Branning","","5467","147892"
"Noxubee","Central District-Supreme Court District 1(Central) Position 3","Jenifer B. Branning","","879","147892"
"Rankin","Central District-Supreme Court District 1(Central) Position 3","Jenifer B. Branning","","35484","147892"
"Scott","Central District-Supreme Court District 1(Central) Position 3","Jenifer B. Branning","","4775","147892"
"Sharkey","Central District-Supreme Court District 1(Central) Position 3","Jenifer B. Branning","","456","147892"
"Sunflower","Central District-Supreme Court District 1(Central) Position 3","Jenifer B. Branning","","1535","147892"
"Warren","Central District-Supreme Court District 1(Central) Position 3","Jenifer B. Branning","","6752","147892"
"Washington","Central District-Supreme Court District 1(Central) Position 3","Jenifer B. Branning","","3432","147892"
"Yazoo","Central District-Supreme Court District 1(Central) Position 3","Jenifer B. Branning","","3652","147892"
"Bolivar","Central District-Supreme Court District 1(Central) Position 3","Byron Carter","","838","25390"
"Claiborne","Central District-Supreme Court District 1(Central) Position 3","Byron Carter","","286","25390"
"Copiah","Central District-Supreme Court District 1(Central) Position 3","Byron Carter","","737","25390"
"Hinds","Central District-Supreme Court District 1(Central) Position 3","Byron Carter","","7784","25390"
"Holmes","Central District-Supreme Court District 1(Central) Position 3","Byron Carter","","718","25390"
"Humphreys","Central District-Supreme Court District 1(Central) Position 3","Byron Carter","","264","25390"
"Issaquena","Central District-Supreme Court District 1(Central) Position 3","Byron Carter","","29","25390"
"Jefferson","Central District-Supreme Court District 1(Central) Position 3","Byron Carter","","314","25390"
"Kemper","Central District-Supreme Court District 1(Central) Position 3","Byron Carter","","268","25390"
"Lauderdale","Central District-Supreme Court District 1(Central) Position 3","Byron Carter","","1819","25390"
"Leake","Central District-Supreme Court District 1(Central) Position 3","Byron Carter","","432","25390"
"Madison","Central District-Supreme Court District 1(Central) Position 3","Byron Carter","","3063","25390"
"Neshoba","Central District-Supreme Court District 1(Central) Position 3","Byron Carter","","551","25390"
"Newton","Central District-Supreme Court District 1(Central) Position 3","Byron Carter","","511","25390"
"Noxubee","Central District-Supreme Court District 1(Central) Position 3","Byron Carter","","219","25390"
"Rankin","Central District-Supreme Court District 1(Central) Position 3","Byron Carter","","3701","25390"
"Scott","Central District-Supreme Court District 1(Central) Position 3","Byron Carter","","627","25390"
"Sharkey","Central District-Supreme Court District 1(Central) Position 3","Byron Carter","","100","25390"
"Sunflower","Central District-Supreme Court District 1(Central) Position 3","Byron Carter","","605","25390"
"Warren","Central District-Supreme Court District 1(Central) Position 3","Byron Carter","","726","25390"
"Washington","Central District-Supreme Court District 1(Central) Position 3","Byron Carter","","1071","25390"
"Yazoo","Central District-Supreme Court District 1(Central) Position 3","Byron Carter","","727","25390"
"Bolivar","Central District-Supreme Court District 1(Central) Position 3","Ceola James","","1685","38345"
"Claiborne","Central District-Supreme Court District 1(Central) Position 3","Ceola James","","811","38345"
"Copiah","Central District-Supreme Court District 1(Central) Position 3","Ceola James","","296","38345"
"Hinds","Central District-Supreme Court District 1(Central) Position 3","Ceola James","","9634","38345"
"Holmes","Central District-Supreme Court District 1(Central) Position 3","Ceola James","","620","38345"
"Humphreys","Central District-Supreme Court District 1(Central) Position 3","Ceola James","","810","38345"
"Issaquena","Central District-Supreme Court District 1(Central) Position 3","Ceola James","","111","38345"
"Jefferson","Central District-Supreme Court District 1(Central) Position 3","Ceola James","","793","38345"
"Kemper","Central District-Supreme Court District 1(Central) Position 3","Ceola James","","267","38345"
"Lauderdale","Central District-Supreme Court District 1(Central) Position 3","Ceola James","","1945","38345"
"Leake","Central District-Supreme Court District 1(Central) Position 3","Ceola James","","360","38345"
"Madison","Central District-Supreme Court District 1(Central) Position 3","Ceola James","","3606","38345"
"Neshoba","Central District-Supreme Court District 1(Central) Position 3","Ceola James","","260","38345"
"Newton","Central District-Supreme Court District 1(Central) Position 3","Ceola James","","416","38345"
"Noxubee","Central District-Supreme Court District 1(Central) Position 3","Ceola James","","392","38345"
"Rankin","Central District-Supreme Court District 1(Central) Position 3","Ceola James","","3083","38345"
"Scott","Central District-Supreme Court District 1(Central) Position 3","Ceola James","","364","38345"
"Sharkey","Central District-Supreme Court District 1(Central) Position 3","Ceola James","","410","38345"
"Sunflower","Central District-Supreme Court District 1(Central) Position 3","Ceola James","","2300","38345"
"Warren","Central District-Supreme Court District 1(Central) Position 3","Ceola James","","5182","38345"
"Washington","Central District-Supreme Court District 1(Central) Position 3","Ceola James","","4320","38345"
"Yazoo","Central District-Supreme Court District 1(Central) Position 3","Ceola James","","680","38345"
"Bolivar","Central District-Supreme Court District 1(Central) Position 3","Jim Kitchens","","3753","127266"
"Claiborne","Central District-Supreme Court District 1(Central) Position 3","Jim Kitchens","","1449","127266"
"Copiah","Central District-Supreme Court District 1(Central) Position 3","Jim Kitchens","","7326","127266"
"Hinds","Central District-Supreme Court District 1(Central) Position 3","Jim Kitchens","","38598","127266"
"Holmes","Central District-Supreme Court District 1(Central) Position 3","Jim Kitchens","","3046","127266"
"Humphreys","Central District-Supreme Court District 1(Central) Position 3","Jim Kitchens","","1244","127266"
"Issaquena","Central District-Supreme Court District 1(Central) Position 3","Jim Kitchens","","186","127266"
"Jefferson","Central District-Supreme Court District 1(Central) Position 3","Jim Kitchens","","1337","127266"
"Kemper","Central District-Supreme Court District 1(Central) Position 3","Jim Kitchens","","1086","127266"
"Lauderdale","Central District-Supreme Court District 1(Central) Position 3","Jim Kitchens","","5006","127266"
"Leake","Central District-Supreme Court District 1(Central) Position 3","Jim Kitchens","","2179","127266"
"Madison","Central District-Supreme Court District 1(Central) Position 3","Jim Kitchens","","18715","127266"
"Neshoba","Central District-Supreme Court District 1(Central) Position 3","Jim Kitchens","","1098","127266"
"Newton","Central District-Supreme Court District 1(Central) Position 3","Jim Kitchens","","1870","127266"
"Noxubee","Central District-Supreme Court District 1(Central) Position 3","Jim Kitchens","","2059","127266"
"Rankin","Central District-Supreme Court District 1(Central) Position 3","Jim Kitchens","","20739","127266"
"Scott","Central District-Supreme Court District 1(Central) Position 3","Jim Kitchens","","3148","127266"
"Sharkey","Central District-Supreme Court District 1(Central) Position 3","Jim Kitchens","","611","127266"
"Sunflower","Central District-Supreme Court District 1(Central) Position 3","Jim Kitchens","","2525","127266"
"Warren","Central District-Supreme Court District 1(Central) Position 3","Jim Kitchens","","4390","127266"
"Washington","Central District-Supreme Court District 1(Central) Position 3","Jim Kitchens","","4043","127266"
"Yazoo","Central District-Supreme Court District 1(Central) Position 3","Jim Kitchens","","2858","127266"
"Bolivar","Central District-Supreme Court District 1(Central) Position 3","Abby Gale Robinson","","454","18824"
"Claiborne","Central District-Supreme Court District 1(Central) Position 3","Abby Gale Robinson","","199","18824"
"Copiah","Central District-Supreme Court District 1(Central) Position 3","Abby Gale Robinson","","349","18824"
"Hinds","Central District-Supreme Court District 1(Central) Position 3","Abby Gale Robinson","","6199","18824"
"Holmes","Central District-Supreme Court District 1(Central) Position 3","Abby Gale Robinson","","372","18824"
"Humphreys","Central District-Supreme Court District 1(Central) Position 3","Abby Gale Robinson","","208","18824"
"Issaquena","Central District-Supreme Court District 1(Central) Position 3","Abby Gale Robinson","","30","18824"
"Jefferson","Central District-Supreme Court District 1(Central) Position 3","Abby Gale Robinson","","158","18824"
"Kemper","Central District-Supreme Court District 1(Central) Position 3","Abby Gale Robinson","","199","18824"
"Lauderdale","Central District-Supreme Court District 1(Central) Position 3","Abby Gale Robinson","","1236","18824"
"Leake","Central District-Supreme Court District 1(Central) Position 3","Abby Gale Robinson","","261","18824"
"Madison","Central District-Supreme Court District 1(Central) Position 3","Abby Gale Robinson","","2380","18824"
"Neshoba","Central District-Supreme Court District 1(Central) Position 3","Abby Gale Robinson","","211","18824"
"Newton","Central District-Supreme Court District 1(Central) Position 3","Abby Gale Robinson","","554","18824"
"Noxubee","Central District-Supreme Court District 1(Central) Position 3","Abby Gale Robinson","","238","18824"
"Rankin","Central District-Supreme Court District 1(Central) Position 3","Abby Gale Robinson","","3075","18824"
"Scott","Central District-Supreme Court District 1(Central) Position 3","Abby Gale Robinson","","509","18824"
"Sharkey","Central District-Supreme Court District 1(Central) Position 3","Abby Gale Robinson","","60","18824"
"Sunflower","Central District-Supreme Court District 1(Central) Position 3","Abby Gale Robinson","","557","18824"
"Warren","Central District-Supreme Court District 1(Central) Position 3","Abby Gale Robinson","","526","18824"
"Washington","Central District-Supreme Court District 1(Central) Position 3","Abby Gale Robinson","","575","18824"
"Yazoo","Central District-Supreme Court District 1(Central) Position 3","Abby Gale Robinson","","474","18824"
"Adams","Southern District-Supreme Court District 2(Southern) Position 2","Dawn H. Beam","","4236","171625"
"Amite","Southern District-Supreme Court District 2(Southern) Position 2","Dawn H. Beam","","2772","171625"
"Clarke","Southern District-Supreme Court District 2(Southern) Position 2","Dawn H. Beam","","2500","171625"
"Covington","Southern District-Supreme Court District 2(Southern) Position 2","Dawn H. Beam","","2909","171625"
"Forrest","Southern District-Supreme Court District 2(Southern) Position 2","Dawn H. Beam","","15016","171625"
"Franklin","Southern District-Supreme Court District 2(Southern) Position 2","Dawn H. Beam","","1331","171625"
"George","Southern District-Supreme Court District 2(Southern) Position 2","Dawn H. Beam","","3722","171625"
"Greene","Southern District-Supreme Court District 2(Southern) Position 2","Dawn H. Beam","","1940","171625"
"Hancock","Southern District-Supreme Court District 2(Southern) Position 2","Dawn H. Beam","","8030","171625"
"Harrison","Southern District-Supreme Court District 2(Southern) Position 2","Dawn H. Beam","","29872","171625"
"Jackson","Southern District-Supreme Court District 2(Southern) Position 2","Dawn H. Beam","","22630","171625"
"Jasper","Southern District-Supreme Court District 2(Southern) Position 2","Dawn H. Beam","","2144","171625"
"Jeff Davis","Southern District-Supreme Court District 2(Southern) Position 2","Dawn H. Beam","","2016","171625"
"Jones","Southern District-Supreme Court District 2(Southern) Position 2","Dawn H. Beam","","8937","171625"
"Lamar","Southern District-Supreme Court District 2(Southern) Position 2","Dawn H. Beam","","17751","171625"
"Lawrence","Southern District-Supreme Court District 2(Southern) Position 2","Dawn H. Beam","","2035","171625"
"Lincoln","Southern District-Supreme Court District 2(Southern) Position 2","Dawn H. Beam","","5349","171625"
"Marion","Southern District-Supreme Court District 2(Southern) Position 2","Dawn H. Beam","","6232","171625"
"Pearl River","Southern District-Supreme Court District 2(Southern) Position 2","Dawn H. Beam","","9824","171625"
"Perry","Southern District-Supreme Court District 2(Southern) Position 2","Dawn H. Beam","","2600","171625"
"Pike","Southern District-Supreme Court District 2(Southern) Position 2","Dawn H. Beam","","4893","171625"
"Simpson","Southern District-Supreme Court District 2(Southern) Position 2","Dawn H. Beam","","3414","171625"
"Smith","Southern District-Supreme Court District 2(Southern) Position 2","Dawn H. Beam","","1834","171625"
"Stone","Southern District-Supreme Court District 2(Southern) Position 2","Dawn H. Beam","","2963","171625"
"Walthall","Southern District-Supreme Court District 2(Southern) Position 2","Dawn H. Beam","","2559","171625"
"Wayne","Southern District-Supreme Court District 2(Southern) Position 2","Dawn H. Beam","","3022","171625"
"Wilkinson","Southern District-Supreme Court District 2(Southern) Position 2","Dawn H. Beam","","1094","171625"
"Adams","Southern District-Supreme Court District 2(Southern) Position 2","David P. Sullivan","","5309","206216"
"Amite","Southern District-Supreme Court District 2(Southern) Position 2","David P. Sullivan","","3318","206216"
"Clarke","Southern District-Supreme Court District 2(Southern) Position 2","David P. Sullivan","","4156","206216"
"Covington","Southern District-Supreme Court District 2(Southern) Position 2","David P. Sullivan","","5282","206216"
"Forrest","Southern District-Supreme Court District 2(Southern) Position 2","David P. Sullivan","","11072","206216"
"Franklin","Southern District-Supreme Court District 2(Southern) Position 2","David P. Sullivan","","2220","206216"
"George","Southern District-Supreme Court District 2(Southern) Position 2","David P. Sullivan","","5993","206216"
"Greene","Southern District-Supreme Court District 2(Southern) Position 2","David P. Sullivan","","3138","206216"
"Hancock","Southern District-Supreme Court District 2(Southern) Position 2","David P. Sullivan","","10361","206216"
"Harrison","Southern District-Supreme Court District 2(Southern) Position 2","David P. Sullivan","","37505","206216"
"Jackson","Southern District-Supreme Court District 2(Southern) Position 2","David P. Sullivan","","24474","206216"
"Jasper","Southern District-Supreme Court District 2(Southern) Position 2","David P. Sullivan","","4661","206216"
"Jeff Davis","Southern District-Supreme Court District 2(Southern) Position 2","David P. Sullivan","","2367","206216"
"Jones","Southern District-Supreme Court District 2(Southern) Position 2","David P. Sullivan","","17345","206216"
"Lamar","Southern District-Supreme Court District 2(Southern) Position 2","David P. Sullivan","","8256","206216"
"Lawrence","Southern District-Supreme Court District 2(Southern) Position 2","David P. Sullivan","","3405","206216"
"Lincoln","Southern District-Supreme Court District 2(Southern) Position 2","David P. Sullivan","","8708","206216"
"Marion","Southern District-Supreme Court District 2(Southern) Position 2","David P. Sullivan","","3705","206216"
"Pearl River","Southern District-Supreme Court District 2(Southern) Position 2","David P. Sullivan","","11316","206216"
"Perry","Southern District-Supreme Court District 2(Southern) Position 2","David P. Sullivan","","2471","206216"
"Pike","Southern District-Supreme Court District 2(Southern) Position 2","David P. Sullivan","","5972","206216"
"Simpson","Southern District-Supreme Court District 2(Southern) Position 2","David P. Sullivan","","6340","206216"
"Smith","Southern District-Supreme Court District 2(Southern) Position 2","David P. Sullivan","","5263","206216"
"Stone","Southern District-Supreme Court District 2(Southern) Position 2","David P. Sullivan","","3917","206216"
"Walthall","Southern District-Supreme Court District 2(Southern) Position 2","David P. Sullivan","","2805","206216"
"Wayne","Southern District-Supreme Court District 2(Southern) Position 2","David P. Sullivan","","5487","206216"
"Wilkinson","Southern District-Supreme Court District 2(Southern) Position 2","David P. Sullivan","","1370","206216"
"Alcorn","Northern District-Supreme Court District 3(Northern) Position 1","Robert P. 'Bobby' Chamberlin","","11942","341895"
"Attala","Northern District-Supreme Court District 3(Northern) Position 1","Robert P. 'Bobby' Chamberlin","","6191","341895"
"Benton","Northern District-Supreme Court District 3(Northern) Position 1","Robert P. 'Bobby' Chamberlin","","2933","341895"
"Calhoun","Northern District-Supreme Court District 3(Northern) Position 1","Robert P. 'Bobby' Chamberlin","","4957","341895"
"Carroll","Northern District-Supreme Court District 3(Northern) Position 1","Robert P. 'Bobby' Chamberlin","","4064","341895"
"Chickasaw","Northern District-Supreme Court District 3(Northern) Position 1","Robert P. 'Bobby' Chamberlin","","5901","341895"
"Choctaw","Northern District-Supreme Court District 3(Northern) Position 1","Robert P. 'Bobby' Chamberlin","","3124","341895"
"Clay","Northern District-Supreme Court District 3(Northern) Position 1","Robert P. 'Bobby' Chamberlin","","7699","341895"
"Coahoma","Northern District-Supreme Court District 3(Northern) Position 1","Robert P. 'Bobby' Chamberlin","","4896","341895"
"DeSoto","Northern District-Supreme Court District 3(Northern) Position 1","Robert P. 'Bobby' Chamberlin","","63950","341895"
"Grenada","Northern District-Supreme Court District 3(Northern) Position 1","Robert P. 'Bobby' Chamberlin","","8089","341895"
"Itawamba","Northern District-Supreme Court District 3(Northern) Position 1","Robert P. 'Bobby' Chamberlin","","9403","341895"
"Lafayette","Northern District-Supreme Court District 3(Northern) Position 1","Robert P. 'Bobby' Chamberlin","","19436","341895"
"Lee","Northern District-Supreme Court District 3(Northern) Position 1","Robert P. 'Bobby' Chamberlin","","28123","341895"
"Leflore","Northern District-Supreme Court District 3(Northern) Position 1","Robert P. 'Bobby' Chamberlin","","6957","341895"
"Lowndes","Northern District-Supreme Court District 3(Northern) Position 1","Robert P. 'Bobby' Chamberlin","","19203","341895"
"Marshall","Northern District-Supreme Court District 3(Northern) Position 1","Robert P. 'Bobby' Chamberlin","","10967","341895"
"Monroe","Northern District-Supreme Court District 3(Northern) Position 1","Robert P. 'Bobby' Chamberlin","","13220","341895"
"Montgomery","Northern District-Supreme Court District 3(Northern) Position 1","Robert P. 'Bobby' Chamberlin","","3456","341895"
"Oktibbeha","Northern District-Supreme Court District 3(Northern) Position 1","Robert P. 'Bobby' Chamberlin","","13861","341895"
"Panola","Northern District-Supreme Court District 3(Northern) Position 1","Robert P. 'Bobby' Chamberlin","","11760","341895"
"Pontotoc","Northern District-Supreme Court District 3(Northern) Position 1","Robert P. 'Bobby' Chamberlin","","12085","341895"
"Prentiss","Northern District-Supreme Court District 3(Northern) Position 1","Robert P. 'Bobby' Chamberlin","","8826","341895"
"Quitman","Northern District-Supreme Court District 3(Northern) Position 1","Robert P. 'Bobby' Chamberlin","","1893","341895"
"Tallahatchie","Northern District-Supreme Court District 3(Northern) Position 1","Robert P. 'Bobby' Chamberlin","","3732","341895"
"Tate","Northern District-Supreme Court District 3(Northern) Position 1","Robert P. 'Bobby' Chamberlin","","10499","341895"
"Tippah","Northern District-Supreme Court District 3(Northern) Position 1","Robert P. 'Bobby' Chamberlin","","8194","341895"
"Tishomingo","Northern District-Supreme Court District 3(Northern) Position 1","Robert P. 'Bobby' Chamberlin","","7362","341895"
"Tunica","Northern District-Supreme Court District 3(Northern) Position 1","Robert P. 'Bobby' Chamberlin","","2002","341895"
"Union","Northern District-Supreme Court District 3(Northern) Position 1","Robert P. 'Bobby' Chamberlin","","10810","341895"
"Webster","Northern District-Supreme Court District 3(Northern) Position 1","Robert P. 'Bobby' Chamberlin","","4405","341895"
"Winston","Northern District-Supreme Court District 3(Northern) Position 1","Robert P. 'Bobby' Chamberlin","","6991","341895"
"Yalobusha","Northern District-Supreme Court District 3(Northern) Position 1","Robert P. 'Bobby' Chamberlin","","4964","341895"
"Alcorn","Northern District-Supreme Court District 3(Northern) Position 2","Jimmy Maxwell","","11835","339411"
"Attala","Northern District-Supreme Court District 3(Northern) Position 2","Jimmy Maxwell","","6130","339411"
"Benton","Northern District-Supreme Court District 3(Northern) Position 2","Jimmy Maxwell","","2950","339411"
"Calhoun","Northern District-Supreme Court District 3(Northern) Position 2","Jimmy Maxwell","","4971","339411"
"Carroll","Northern District-Supreme Court District 3(Northern) Position 2","Jimmy Maxwell","","4074","339411"
"Chickasaw","Northern District-Supreme Court District 3(Northern) Position 2","Jimmy Maxwell","","5909","339411"
"Choctaw","Northern District-Supreme Court District 3(Northern) Position 2","Jimmy Maxwell","","3085","339411"
"Clay","Northern District-Supreme Court District 3(Northern) Position 2","Jimmy Maxwell","","7710","339411"
"Coahoma","Northern District-Supreme Court District 3(Northern) Position 2","Jimmy Maxwell","","4887","339411"
"DeSoto","Northern District-Supreme Court District 3(Northern) Position 2","Jimmy Maxwell","","63152","339411"
"Grenada","Northern District-Supreme Court District 3(Northern) Position 2","Jimmy Maxwell","","7970","339411"
"Itawamba","Northern District-Supreme Court District 3(Northern) Position 2","Jimmy Maxwell","","9297","339411"
"Lafayette","Northern District-Supreme Court District 3(Northern) Position 2","Jimmy Maxwell","","19380","339411"
"Lee","Northern District-Supreme Court District 3(Northern) Position 2","Jimmy Maxwell","","27789","339411"
"Leflore","Northern District-Supreme Court District 3(Northern) Position 2","Jimmy Maxwell","","6872","339411"
"Lowndes","Northern District-Supreme Court District 3(Northern) Position 2","Jimmy Maxwell","","19107","339411"
"Marshall","Northern District-Supreme Court District 3(Northern) Position 2","Jimmy Maxwell","","10830","339411"
"Monroe","Northern District-Supreme Court District 3(Northern) Position 2","Jimmy Maxwell","","13032","339411"
"Montgomery","Northern District-Supreme Court District 3(Northern) Position 2","Jimmy Maxwell","","3442","339411"
"Oktibbeha","Northern District-Supreme Court District 3(Northern) Position 2","Jimmy Maxwell","","14001","339411"
"Panola","Northern District-Supreme Court District 3(Northern) Position 2","Jimmy Maxwell","","11788","339411"
"Pontotoc","Northern District-Supreme Court District 3(Northern) Position 2","Jimmy Maxwell","","11992","339411"
"Prentiss","Northern District-Supreme Court District 3(Northern) Position 2","Jimmy Maxwell","","8734","339411"
"Quitman","Northern District-Supreme Court District 3(Northern) Position 2","Jimmy Maxwell","","1885","339411"
"Tallahatchie","Northern District-Supreme Court District 3(Northern) Position 2","Jimmy Maxwell","","3699","339411"
"Tate","Northern District-Supreme Court District 3(Northern) Position 2","Jimmy Maxwell","","10395","339411"
"Tippah","Northern District-Supreme Court District 3(Northern) Position 2","Jimmy Maxwell","","8187","339411"
"Tishomingo","Northern District-Supreme Court District 3(Northern) Position 2","Jimmy Maxwell","","7263","339411"
"Tunica","Northern District-Supreme Court District 3(Northern) Position 2","Jimmy Maxwell","","2019","339411"
"Union","Northern District-Supreme Court District 3(Northern) Position 2","Jimmy Maxwell","","10805","339411"
"Webster","Northern District-Supreme Court District 3(Northern) Position 2","Jimmy Maxwell","","4374","339411"
"Winston","Northern District-Supreme Court District 3(Northern) Position 2","Jimmy Maxwell","","6955","339411"
"Yalobusha","Northern District-Supreme Court District 3(Northern) Position 2","Jimmy Maxwell","","4892","339411"
"Attala","Court Of Appeals 02-District 2  Position 2","Latrice Westbrooks","","2427","137530"
"Bolivar","Court Of Appeals 02-District 2  Position 2","Latrice Westbrooks","","7933","137530"
"Carroll","Court Of Appeals 02-District 2  Position 2","Latrice Westbrooks","","3949","137530"
"Claiborne","Court Of Appeals 02-District 2  Position 2","Latrice Westbrooks","","2853","137530"
"Coahoma","Court Of Appeals 02-District 2  Position 2","Latrice Westbrooks","","4868","137530"
"Grenada","Court Of Appeals 02-District 2  Position 2","Latrice Westbrooks","","7502","137530"
"Hinds","Court Of Appeals 02-District 2  Position 2","Latrice Westbrooks","","15299","137530"
"Holmes","Court Of Appeals 02-District 2  Position 2","Latrice Westbrooks","","5586","137530"
"Humphreys","Court Of Appeals 02-District 2  Position 2","Latrice Westbrooks","","2716","137530"
"Issaquena","Court Of Appeals 02-District 2  Position 2","Latrice Westbrooks","","419","137530"
"Jefferson","Court Of Appeals 02-District 2  Position 2","Latrice Westbrooks","","2850","137530"
"Leake","Court Of Appeals 02-District 2  Position 2","Latrice Westbrooks","","1689","137530"
"Leflore","Court Of Appeals 02-District 2  Position 2","Latrice Westbrooks","","7176","137530"
"Madison","Court Of Appeals 02-District 2  Position 2","Latrice Westbrooks","","19990","137530"
"Montgomery","Court Of Appeals 02-District 2  Position 2","Latrice Westbrooks","","2442","137530"
"Panola","Court Of Appeals 02-District 2  Position 2","Latrice Westbrooks","","3572","137530"
"Quitman","Court Of Appeals 02-District 2  Position 2","Latrice Westbrooks","","1849","137530"
"Sharkey","Court Of Appeals 02-District 2  Position 2","Latrice Westbrooks","","1334","137530"
"Sunflower","Court Of Appeals 02-District 2  Position 2","Latrice Westbrooks","","6894","137530"
"Tallahatchie","Court Of Appeals 02-District 2  Position 2","Latrice Westbrooks","","1227","137530"
"Tunica","Court Of Appeals 02-District 2  Position 2","Latrice Westbrooks","","1986","137530"
"Warren","Court Of Appeals 02-District 2  Position 2","Latrice Westbrooks","","14608","137530"
"Washington","Court Of Appeals 02-District 2  Position 2","Latrice Westbrooks","","11356","137530"
"Yazoo","Court Of Appeals 02-District 2  Position 2","Latrice Westbrooks","","7005","137530"
"Attala","Court Of Appeals 03-District 3  Position 1","Jack Wilson","","3744","223303"
"Clarke","Court Of Appeals 03-District 3  Position 1","Jack Wilson","","6584","223303"
"Clay","Court Of Appeals 03-District 3  Position 1","Jack Wilson","","7670","223303"
"Jasper","Court Of Appeals 03-District 3  Position 1","Jack Wilson","","6442","223303"
"Jones","Court Of Appeals 03-District 3  Position 1","Jack Wilson","","8911","223303"
"Kemper","Court Of Appeals 03-District 3  Position 1","Jack Wilson","","3105","223303"
"Lauderdale","Court Of Appeals 03-District 3  Position 1","Jack Wilson","","21841","223303"
"Leake","Court Of Appeals 03-District 3  Position 1","Jack Wilson","","5345","223303"
"Lowndes","Court Of Appeals 03-District 3  Position 1","Jack Wilson","","19031","223303"
"Madison","Court Of Appeals 03-District 3  Position 1","Jack Wilson","","25432","223303"
"Neshoba","Court Of Appeals 03-District 3  Position 1","Jack Wilson","","9750","223303"
"Newton","Court Of Appeals 03-District 3  Position 1","Jack Wilson","","8135","223303"
"Noxubee","Court Of Appeals 03-District 3  Position 1","Jack Wilson","","2208","223303"
"Oktibbeha","Court Of Appeals 03-District 3  Position 1","Jack Wilson","","13941","223303"
"Rankin","Court Of Appeals 03-District 3  Position 1","Jack Wilson","","57950","223303"
"Scott","Court Of Appeals 03-District 3  Position 1","Jack Wilson","","8246","223303"
"Smith","Court Of Appeals 03-District 3  Position 1","Jack Wilson","","6735","223303"
"Wayne","Court Of Appeals 03-District 3  Position 1","Jack Wilson","","1285","223303"
"Winston","Court Of Appeals 03-District 3  Position 1","Jack Wilson","","6948","223303"
"Forrest","Court Of Appeals 05-District 5  Position 2","Ian Baker","","9075","77349"
"George","Court Of Appeals 05-District 5  Position 2","Ian Baker","","3412","77349"
"Greene","Court Of Appeals 05-District 5  Position 2","Ian Baker","","2025","77349"
"Hancock","Court Of Appeals 05-District 5  Position 2","Ian Baker","","6405","77349"
"Harrison","Court Of Appeals 05-District 5  Position 2","Ian Baker","","21462","77349"
"Jackson","Court Of Appeals 05-District 5  Position 2","Ian Baker","","7721","77349"
"Lamar","Court Of Appeals 05-District 5  Position 2","Ian Baker","","10612","77349"
"Pearl River","Court Of Appeals 05-District 5  Position 2","Ian Baker","","9372","77349"
"Perry","Court Of Appeals 05-District 5  Position 2","Ian Baker","","1820","77349"
"Stone","Court Of Appeals 05-District 5  Position 2","Ian Baker","","2908","77349"
"Wayne","Court Of Appeals 05-District 5  Position 2","Ian Baker","","2537","77349"
"Forrest","Court Of Appeals 05-District 5  Position 2","Jennifer T. Schloegel","","6854","80515"
"George","Court Of Appeals 05-District 5  Position 2","Jennifer T. Schloegel","","2077","80515"
"Greene","Court Of Appeals 05-District 5  Position 2","Jennifer T. Schloegel","","1023","80515"
"Hancock","Court Of Appeals 05-District 5  Position 2","Jennifer T. Schloegel","","7874","80515"
"Harrison","Court Of Appeals 05-District 5  Position 2","Jennifer T. Schloegel","","31025","80515"
"Jackson","Court Of Appeals 05-District 5  Position 2","Jennifer T. Schloegel","","13075","80515"
"Lamar","Court Of Appeals 05-District 5  Position 2","Jennifer T. Schloegel","","6613","80515"
"Pearl River","Court Of Appeals 05-District 5  Position 2","Jennifer T. Schloegel","","6753","80515"
"Perry","Court Of Appeals 05-District 5  Position 2","Jennifer T. Schloegel","","960","80515"
"Stone","Court Of Appeals 05-District 5  Position 2","Jennifer T. Schloegel","","2529","80515"
"Wayne","Court Of Appeals 05-District 5  Position 2","Jennifer T. Schloegel","","1732","80515"
"Forrest","Court Of Appeals 05-District 5  Position 2","Amy Lassitter St. Pe'","","9659","85870"
"George","Court Of Appeals 05-District 5  Position 2","Amy Lassitter St. Pe'","","4433","85870"
"Greene","Court Of Appeals 05-District 5  Position 2","Amy Lassitter St. Pe'","","2059","85870"
"Hancock","Court Of Appeals 05-District 5  Position 2","Amy Lassitter St. Pe'","","4430","85870"
"Harrison","Court Of Appeals 05-District 5  Position 2","Amy Lassitter St. Pe'","","17323","85870"
"Jackson","Court Of Appeals 05-District 5  Position 2","Amy Lassitter St. Pe'","","28025","85870"
"Lamar","Court Of Appeals 05-District 5  Position 2","Amy Lassitter St. Pe'","","8348","85870"
"Pearl River","Court Of Appeals 05-District 5  Position 2","Amy Lassitter St. Pe'","","4846","85870"
"Perry","Court Of Appeals 05-District 5  Position 2","Amy Lassitter St. Pe'","","2268","85870"
"Stone","Court Of Appeals 05-District 5  Position 2","Amy Lassitter St. Pe'","","1615","85870"
"Wayne","Court Of Appeals 05-District 5  Position 2","Amy Lassitter St. Pe'","","2864","85870"
